y_be_PELD,Essay,Sadness,Joy,Neutral,Fear,Anger,Disgust,Surprise
4,Put Joey on the phone.,0,0,1,0,0,0,0
6,"Why?! You two are so meant to be together, everybody thinks  so.",0,0,0,0,0,0,1
3,Hey!,0,1,0,0,0,0,0
6,"When, when were you... under me?",0,0,0,0,0,0,1
4,No.,0,0,1,0,0,0,0
4,Well obviously only one of us can keep dating her.,0,0,1,0,0,0,0
4,"So uh, man, are you gonna go to the play with me tonight?",0,0,1,0,0,0,0
4,"But the guy I said it to dies in the next scene so I    guess it means ""you're gonna get eaten by a bear"".",0,0,1,0,0,0,0
6,Oh my god.,0,0,0,0,0,0,1
4,"Rachel, I have not missed one question the whole game. I own this game! Look at my hand.",0,0,1,0,0,0,0
4,"I mean, especially considering how tough it's been for you to find work.",0,0,1,0,0,0,0
0,Because he's stealing from me!,0,0,0,0,1,0,0
4,Um. yeah.,0,0,1,0,0,0,0
6,She is not   She s gay. Oh my God. She is,0,0,0,0,0,0,1
4,I did.  But it came at a price.,0,0,1,0,0,0,0
4,"Well, nobody wants a ghost. But you ve got one, because the house is sitting on an ancient Indian burial ground.",0,0,1,0,0,0,0
4,"Noo! Maybe! I, I don t know.",0,0,1,0,0,0,0
4,"No-no, I m I m sure no one was looking. Just want some privacy.",0,0,1,0,0,0,0
4,"It s from France In Europe Western Europe. Y know umm, a few years ago I actually was backpacking across Western Europe.",0,0,1,0,0,0,0
4,"Oh, so that's what this is for.",0,0,1,0,0,0,0
4,"I mean, why all the sudden are you so... Oh.",0,0,1,0,0,0,0
0,No I didn't!,0,0,0,0,1,0,0
3,"The food there was, was great.",0,1,0,0,0,0,0
4,"Ah, uh, I owe you a long overdue apology. I never should have broken up with you because you were overweight.",0,0,1,0,0,0,0
3,"Oh yeah! Oh, I can do that.",0,1,0,0,0,0,0
4,"Oh yeah, really? Is it Ross? Yeah? Okay, well let me make this a just a little bit easier for you.",0,0,1,0,0,0,0
4,"Look, it's not that big of a deal, so Monica and Chandler are doing it.",0,0,1,0,0,0,0
4,Yeah well we should order some food then.,0,0,1,0,0,0,0
4,"Especially by that professor we ran into last night, Judgey von Holierthanthou.",0,0,1,0,0,0,0
6,Shhhh!,0,0,0,0,0,0,1
4,I don't know.,0,0,1,0,0,0,0
0,Hell yeah! I ll marry you!,0,0,0,0,1,0,0
4,"Well, I can't say any of us were surprised. Your parents have been unhappy ever since we've known them. Especially after that incident in Hawaii.",0,0,1,0,0,0,0
4,It's a kitchen slash bathroom.,0,0,1,0,0,0,0
6,You didn't get it?,0,0,0,0,0,0,1
6,What?,0,0,0,0,0,0,1
3,"Hey, I've been honing!",0,1,0,0,0,0,0
6,Barry who you almost...?,0,0,0,0,0,0,1
4,I know I miss you too. I can't wait to see you. I love you. Bye.,0,0,1,0,0,0,0
4,"Yeah, I m fine.",0,0,1,0,0,0,0
4,"You do, thanks.",0,0,1,0,0,0,0
4,Also so,0,0,1,0,0,0,0
4,I know.,0,0,1,0,0,0,0
4,Where have you been?,0,0,1,0,0,0,0
3,Hey!,0,1,0,0,0,0,0
4,"So Chandler, have you heard about Monica's secret boyfriend?",0,0,1,0,0,0,0
4,"Umm ma am, do you have a minute?  I kind of have some bad news. I don t think I can move to Tulsa.",0,0,1,0,0,0,0
4,Noo! I'll stay. He's my brother.,0,0,1,0,0,0,0
3,Hi guys!,0,1,0,0,0,0,0
3,Hey!,0,1,0,0,0,0,0
4,"Yeah, what town are we near?",0,0,1,0,0,0,0
0,"Look, I m talking right now! You re you mean her.",0,0,0,0,1,0,0
4,Ma?,0,0,1,0,0,0,0
6,She s not crazy is she?,0,0,0,0,0,0,1
4,"Okay, buddy-boy. Here it is. You hide my clothes, I'm wearing everything you own.",0,0,1,0,0,0,0
0,"Oh my God, look-look he s taking off her clothes!",0,0,0,0,1,0,0
6,You took my watch?,0,0,0,0,0,0,1
3,"Oh, you are so much the smitten kitten. You should ask him out.",0,1,0,0,0,0,0
3,Hey!,0,1,0,0,0,0,0
4,"Well, thanks.",0,0,1,0,0,0,0
6,Oh! Wait-wait! Is it my bologna sandwich?,0,0,0,0,0,0,1
4,"Okay no way, you cannot use that to get the cute guy and the last blueberry muffin.",0,0,1,0,0,0,0
6,Why would we do that?,0,0,0,0,0,0,1
4,"Oh, all right, I can ask Monica.",0,0,1,0,0,0,0
4,All right.,0,0,1,0,0,0,0
4,"That just cost me four bucks. But uh listen, I just called to see how the chick and the duck are doing?",0,0,1,0,0,0,0
3,I like her.,0,1,0,0,0,0,0
0,"Well, you suck! But at least you suck at a man's game now.",0,0,0,0,1,0,0
6,What?,0,0,0,0,0,0,1
5,"Ma, I'm sorry. I just did what I thought you'd want.",1,0,0,0,0,0,0
4,"Look, it s not that easy. She said she wanted to marry me. I  don t want to hurt her.",0,0,1,0,0,0,0
6,"Joey, you have to tell her what s going on! And what did it  look like?!",0,0,0,0,0,0,1
4,And we didn t have sex.,0,0,1,0,0,0,0
4,Shut up.,0,0,1,0,0,0,0
6,"Oh, my god, I'm so sorry. Are you ok?",0,0,0,0,0,0,1
4,Pheebs...,0,0,1,0,0,0,0
0,"Yeah you will!  And, are you kiddin  me?!",0,0,0,0,1,0,0
3,"No, you're the best.",0,1,0,0,0,0,0
6,Still crying?,0,0,0,0,0,0,1
6,What are you talking about?,0,0,0,0,0,0,1
6,What?! You totally get embarrassed!,0,0,0,0,0,0,1
4,"Yes, yes, that's right...",0,0,1,0,0,0,0
3,Thank you!,0,1,0,0,0,0,0
4,"By then, the cheesecake may have gone bad. We don t want her to come back to bad cheesecake.",0,0,1,0,0,0,0
4,"Wow, look at that. The car is on fire, yet somehow it's expensive paint job is protected by the Miracle Wax.",0,0,1,0,0,0,0
4,Phoebe here with the cab yet?,0,0,1,0,0,0,0
4,Does it bug you?,0,0,1,0,0,0,0
0,"No, God no! That is no place for a woman. Those guys will grab anything.",0,0,0,0,1,0,0
6,"What? Whoa, whoa whoa whoa, what do you mean,",0,0,0,0,0,0,1
4,I am,0,0,1,0,0,0,0
0,You can't!,0,0,0,0,1,0,0
0,"No, you can't! Friends hooking up is a bad idea.",0,0,0,0,1,0,0
4,Is this what you had in mind?,0,0,1,0,0,0,0
0,No!,0,0,0,0,1,0,0
4,"Nothing, just a little extra air in my mouth. Pffft. Pffffffft.",0,0,1,0,0,0,0
4,It was a project for one of the Home Ec classes.,0,0,1,0,0,0,0
0,No way!,0,0,0,0,1,0,0
4,"So, are you ready to go?",0,0,1,0,0,0,0
4,No.,0,0,1,0,0,0,0
4,"I m a professor here uh, Ross Geller.",0,0,1,0,0,0,0
4,Was that story over?,0,0,1,0,0,0,0
4,"Oh, no no no, she took off with my clothes.",0,0,1,0,0,0,0
4,"Oh yeah-yeah, the lobster.",0,0,1,0,0,0,0
4,May I help you?,0,0,1,0,0,0,0
0,"No, to get a table! Places like this are always shakin  you down. Everybody wants to be paid off.",0,0,0,0,1,0,0
4,"Ross, ten o'clock.",0,0,1,0,0,0,0
6,What the hell is this?,0,0,0,0,0,0,1
6,What?!,0,0,0,0,0,0,1
4,Ok.,0,0,1,0,0,0,0
4,"Ok, right about now the turkey should be crispy on the outside, juicy on the inside. Why are we standing here?",0,0,1,0,0,0,0
4,"Well y know, some people make deals with a friend, like if neither of them are married by the time they re 40, they marry each other.",0,0,1,0,0,0,0
4,"It makes him miss the bowl, but whatever.",0,0,1,0,0,0,0
4,Twelve dollars an hour.,0,0,1,0,0,0,0
3,"Well, I added the 'exactly like me' part... But she said she's looking for someone, and someone is gonna be there tonight.",0,1,0,0,0,0,0
4,Is,0,0,1,0,0,0,0
6,Whoa!,0,0,0,0,0,0,1
3,I bet this will work!,0,1,0,0,0,0,0
4,"Hey, if it makes you feel any better, I do it too.",0,0,1,0,0,0,0
0,"You don t know?! Rach, you balded my girlfriend!",0,0,0,0,1,0,0
4,"Rachel, wait, wait.",0,0,1,0,0,0,0
4,Yeah.,0,0,1,0,0,0,0
4,"Okay, shoot.",0,0,1,0,0,0,0
4,"Ah yes, but he s very protective of me so you d better watch yourself.",0,0,1,0,0,0,0
4,"The mailman was downstairs, so I brought up your mail.",0,0,1,0,0,0,0
4,No.,0,0,1,0,0,0,0
4,"Oh, yeah, well  Yeah, no use wasting this baby, just lyin  around the house.",0,0,1,0,0,0,0
4,"Joey,  where did you learn that word?",0,0,1,0,0,0,0
0,Oh no!!,0,0,0,0,1,0,0
4,I,0,0,1,0,0,0,0
3,8. 8!,0,1,0,0,0,0,0
0,You stole them from me!,0,0,0,0,1,0,0
4,"Come on, she'll be here any minute.",0,0,1,0,0,0,0
4,I have no name.,0,0,1,0,0,0,0
4,"Oh, no, no. I just meant hypothetically.",0,0,1,0,0,0,0
6,Get down?,0,0,0,0,0,0,1
4,It's your timer.,0,0,1,0,0,0,0
4,Pat Sajak?,0,0,1,0,0,0,0
0,No!,0,0,0,0,1,0,0
4,"Oh, hey, hey, I got that.",0,0,1,0,0,0,0
4,But what?,0,0,1,0,0,0,0
5,"I m sorry, I know this must be really hard, it s over.",1,0,0,0,0,0,0
4,"I mean when I was a kid I only played those games because I couldn t get girls, and now I",0,0,1,0,0,0,0
4,"Yeah, okay let s leave these two alone.",0,0,1,0,0,0,0
4,"Oh! Hey, Mr. Treeger.",0,0,1,0,0,0,0
6,Oh my God Ross!!,0,0,0,0,0,0,1
6,Your thoughts? Plural?,0,0,0,0,0,0,1
4,She said she'd call me.,0,0,1,0,0,0,0
6,Oh.  Oh-oh.,0,0,0,0,0,0,1
4,"Hi, uh, I'll be reading for the role of Mercutio.",0,0,1,0,0,0,0
4,Even Mary Tyler Moore would've been better.,0,0,1,0,0,0,0
0,"Oh God, I hate my job, I hate it, I hate my job, I hate it.",0,0,0,0,1,0,0
4,"Man, I sure miss Julie.",0,0,1,0,0,0,0
4,"Actually, no, we re not.",0,0,1,0,0,0,0
4,"Hey, Rach, how was work?",0,0,1,0,0,0,0
4,"Sure. By the way, there's a difference between being obsessive and. . .",0,0,1,0,0,0,0
6,Can you do that for me?,0,0,0,0,0,0,1
3,Bye-bye!,0,1,0,0,0,0,0
6,Hey Eddie. Daahh!! What're you doin' here?,0,0,0,0,0,0,1
3,Helloooo? Yeah. Oh my God. Thanks.,0,1,0,0,0,0,0
3,"Yeah, it is amazing it lasted that long.",0,1,0,0,0,0,0
4,"Hey, listen you ah....",0,0,1,0,0,0,0
4,"Alright, alright, alright...",0,0,1,0,0,0,0
3,"Ooh, I was gonna say bologna, but that's much better. How about a little of that smoked turkey?",0,1,0,0,0,0,0
4,Relax. Here hold this . This old stuff just comes right off.,0,0,1,0,0,0,0
4,Hey Bobby.,0,0,1,0,0,0,0
4,So?,0,0,1,0,0,0,0
4,Well?,0,0,1,0,0,0,0
3,"Uh, listen, I just wanna thank you for this great opportunity.",0,1,0,0,0,0,0
0,If you give up every time you'd have a fight with someone you'd never be with anyone longer than Ohhh!,0,0,0,0,1,0,0
4,"Ok, got the vent open.",0,0,1,0,0,0,0
4,Secret? Married people aren t supposed to have secrets between one another. We have too much love and respect for one another.,0,0,1,0,0,0,0
4,What message?,0,0,1,0,0,0,0
3,Congratulations!,0,1,0,0,0,0,0
0,I know but it s so hard! Nothing rhymes with your stupid name!,0,0,0,0,1,0,0
3,"God, that was, that was amazing, that was incredible. You guys, you guys kicked butt.",0,1,0,0,0,0,0
4,Do you think they have yesterday's daily news?,0,0,1,0,0,0,0
6,Well how would you know?! You didn't even read it!,0,0,0,0,0,0,1
3,That's patio furniture!,0,1,0,0,0,0,0
0,Of course! Joey wouldn t let you have one?,0,0,0,0,1,0,0
6,What?,0,0,0,0,0,0,1
6,Ah! Ahh!! Ahh!!,0,0,0,0,0,0,1
4,So then you know?,0,0,1,0,0,0,0
4,Oh.,0,0,1,0,0,0,0
4,How's this?,0,0,1,0,0,0,0
4,"Ya know, the man's got a point.",0,0,1,0,0,0,0
4,"Okay, first there is a Chilean Sea Bass prepared with a Mango relish on a bag Why is nobody writing these down?",0,0,1,0,0,0,0
4,"Absolutely, oh I promise. Tell her what?",0,0,1,0,0,0,0
4,Close? She's got her tongue in his ear.,0,0,1,0,0,0,0
6,What?,0,0,0,0,0,0,1
0,"Well for the regular guy, it s bad, but Chandler, Oh dear God!",0,0,0,0,1,0,0
4,Just being friendly.,0,0,1,0,0,0,0
4,How about Joey... Pepponi?,0,0,1,0,0,0,0
6,What uh-oh?,0,0,0,0,0,0,1
6,"Well, unless goose is a vegetable...ha haaaah!",0,0,0,0,0,0,1
4,"Alright, so what's it about?",0,0,1,0,0,0,0
4,Coming.,0,0,1,0,0,0,0
3,"I don't know, but one of the extras sure did!  Hey, listen    Rach. Thanks again for coming down to watch my scenes!",0,1,0,0,0,0,0
4,"Ohh yeah, that's the stuff.",0,0,1,0,0,0,0
4,Okay?,0,0,1,0,0,0,0
6,What?,0,0,0,0,0,0,1
4,All right fine! If it means that much to you! But just there s gonna be a ton left over.,0,0,1,0,0,0,0
6,What?!,0,0,0,0,0,0,1
4,"Yeah, you got like 14 hours until she has to be at the airport, and you're sitting here in the hallway with a 28-year-old cheerleader with a fat lip.",0,0,1,0,0,0,0
6,Oh my God..,0,0,0,0,0,0,1
3,Hey!,0,1,0,0,0,0,0
4,"I'm just sayin' if dogs do experience jet lag, then, because of the whole um, seven dog years to one human year thing, then, when a dog flies from New York to Los Angeles, he doesn't just lose three hours, he loses like a week and a half.",0,0,1,0,0,0,0
4,"Oh,",0,0,1,0,0,0,0
4,Hey.,0,0,1,0,0,0,0
3,Yep! And lot s of it!,0,1,0,0,0,0,0
0,"No, I mean I was really acting my ass off.",0,0,0,0,1,0,0
4,"Now, in some of these recipes, the quantities may seem just a little unusual, uh, like these coconut mockolate holiday nut bars. I've indicated four cups of coconut, and four cups of crushed nut, and only, uh, one tablespoon of mockolate.",0,0,1,0,0,0,0
4,2:17.,0,0,1,0,0,0,0
4,"Huh, Rach I got to say it s gonna take a lot of money for me to go out on a date with a dude.",0,0,1,0,0,0,0
4,"Well, we are ready to try anything.",0,0,1,0,0,0,0
6,"Who, who are they?",0,0,0,0,0,0,1
4,"Oh, okay. Well, so tell me everything about my parents. Everything.",0,0,1,0,0,0,0
6,What? What? What?,0,0,0,0,0,0,1
4,"Hi! Hey, Pete you re back! Hey, check this out.",0,0,1,0,0,0,0
6,What?,0,0,0,0,0,0,1
3,Hi Pheebs!,0,1,0,0,0,0,0
4,"Oh, I wanna quit, but then I think I should stick it out, then I think why would such a person stay in such a demeaning job, just because it s remotely related to the field they re interested in.",0,0,1,0,0,0,0
6,Really?,0,0,0,0,0,0,1
3," Cause I ran into him at the bank, he is still soo cute.",0,1,0,0,0,0,0
4,I think that would be best.,0,0,1,0,0,0,0
4,Hey! I did not dump Rachel!  Nor are we still together.  Can I just   Why don t we just let the machine get that?,0,0,1,0,0,0,0
4,Destiny.,0,0,1,0,0,0,0
6,Wha...,0,0,0,0,0,0,1
6,What?!,0,0,0,0,0,0,1
0,That s weird!,0,0,0,0,1,0,0
4,Hey! Are you okay?,0,0,1,0,0,0,0
0,"But I told you, I didn t have the time!",0,0,0,0,1,0,0
4,in Reservations at 8:00 by Neil Simon.  Thank-thank you Neil. Thank you for the words.,0,0,1,0,0,0,0
4,"Yeah, I mean whatever.",0,0,1,0,0,0,0
3,Joey! The wedding is in less than an hour!,0,1,0,0,0,0,0
0,No there won t! I promise I will finish that turkey!,0,0,0,0,1,0,0
4,"And just to be on the safe side, Dr. Wells wanted a more comprehensive overview of you status so he sent me.",0,0,1,0,0,0,0
6,Show me where?,0,0,0,0,0,0,1
4,"Okay, here! I wanna be the on camera guy. All right, first stop, Westminster Abbey.",0,0,1,0,0,0,0
4,"Look, honey, I have tried to make nice, it doesn t work.",0,0,1,0,0,0,0
6,Really?!,0,0,0,0,0,0,1
3,"Oh, absolutely! You're talented and you're good looking.",0,1,0,0,0,0,0
4,"Wow, that is a surprise. Just one little question, uh, why not Ross's room?",0,0,1,0,0,0,0
5,"I've no idea, could be. Listen, I'm sorry I had to work tonight.",1,0,0,0,0,0,0
3,Nooo Way! The most romantic song ever is,0,1,0,0,0,0,0
4,"Mon. I wish I could, but I've made plans to walk around.",0,0,1,0,0,0,0
6,Did he call? Did Mark call?,0,0,0,0,0,0,1
6,What?,0,0,0,0,0,0,1
4,Phoebe.,0,0,1,0,0,0,0
4,"No-no, he's, he's very docile.",0,0,1,0,0,0,0
4,"Well, they go into the chipper.",0,0,1,0,0,0,0
6,The green dress? Really?,0,0,0,0,0,0,1
3,Hey! Hey! Be careful around my Porsche!,0,1,0,0,0,0,0
6,What're we gonna do? What're we gonna do?,0,0,0,0,0,0,1
5,"Ok. Look uhh, Mon I'm, I'm really sorry.",1,0,0,0,0,0,0
6,Ahhh..,0,0,0,0,0,0,1
6,Oww!,0,0,0,0,0,0,1
4,"Well that's because you always sleep to noon, silly! This is what 9 looks like.",0,0,1,0,0,0,0
4,You re welcome.,0,0,1,0,0,0,0
3,"No, but I want...I want the pinecones!",0,1,0,0,0,0,0
4,"So they ah, they all took off, it was pretty hard watching them go, y'know?",0,0,1,0,0,0,0
4,Radiator.,0,0,1,0,0,0,0
4,They gave me the shaft all right.,0,0,1,0,0,0,0
3,"Wow! It's huge! It's so much bigger than the cubicle. Oh, this is a cube.",0,1,0,0,0,0,0
0,"Okay Monica, what are you doing? You're gonna lose your job! This is not you!",0,0,0,0,1,0,0
3,"Mmm-hmmm. Oh, so typical. Ooo, I'm a man. Ooo, I have a penis. Ooo, I have to win money to exert my power over women.",0,1,0,0,0,0,0
4,Okay.,0,0,1,0,0,0,0
4,"Oh, well, I guess I had that one coming. I'm just gonna throw it out, it's probably just a bunch of shampoo and...",0,0,1,0,0,0,0
4,"Of course, of course, Mr. Stevens.",0,0,1,0,0,0,0
6,Oh so-so you weren't trying to entice me just now with your-your nakedness?,0,0,0,0,0,0,1
4,"Hey Rach, do you feel like going to a convention?",0,0,1,0,0,0,0
6,What you don t think I d go up to her?,0,0,0,0,0,0,1
5,"Beth is really, really sick.",1,0,0,0,0,0,0
4,"Well, let's just say the impressions you made in the butter left little to the imagination.",0,0,1,0,0,0,0
4,Hello.,0,0,1,0,0,0,0
6,They had to have that specially made?!,0,0,0,0,0,0,1
3,Oo! You should have one of us do it!,0,1,0,0,0,0,0
6,"Oh my God, is that still...",0,0,0,0,0,0,1
3,"Danielle! Hi! Uh- everybody, this is Danielle, Danielle, everybody.",0,1,0,0,0,0,0
4,Ah! Well! There you go! Last to know again! And I'm guessing... since nobody told me... this is Paolo.,0,0,1,0,0,0,0
3,Hey!,0,1,0,0,0,0,0
3,Hey!,0,1,0,0,0,0,0
4,"No, not even close. Forget Vail, forget seeing my family, forget shoop, shoop, shoop.",0,0,1,0,0,0,0
4,"Yeah, we are definitely on Route 27.",0,0,1,0,0,0,0
4,"Rach, come on, open up. Rach, come on, come on, Rach. You got to give me another chance.",0,0,1,0,0,0,0
6,And last year is that why you sent us to that medieval times    restaurant?,0,0,0,0,0,0,1
4,Yeah.,0,0,1,0,0,0,0
0,Tulsa is Italy Please don t make me go  there!,0,0,0,0,1,0,0
4,"Okay? But-but imagine a lot more lights, okay? And-and y know fewer bricks, and-and-and flowers, and candles",0,0,1,0,0,0,0
0,"Hey, Rach! I made a pile of your stuff over on this side of the room. If you could just......throw your purses at it.",0,0,0,0,1,0,0
6,"I licked my arm, what?",0,0,0,0,0,0,1
4,And they were serving franks which is his first name minus the s at the end. And there was a rotisserie with spinning chicken.,0,0,1,0,0,0,0
5,"Oh well, the woman I interviewed with was pretty tough, but y'know thank God Mark coached me, because once I started talking about the fall line, she got all happy and wouldn t shut up.",1,0,0,0,0,0,0
3,Hey!,0,1,0,0,0,0,0
4,"Come on, Ross? Remember back in college, when he fell in love with Carol and bought her that ridiculously expensive crystal duck?",0,0,1,0,0,0,0
4,A woman's,0,0,1,0,0,0,0
4,That's a little more than I wanted to see.,0,0,1,0,0,0,0
4,Okay.,0,0,1,0,0,0,0
4,Okay.,0,0,1,0,0,0,0
4,"Well, what period is it from?",0,0,1,0,0,0,0
3,IN LONDON!!!,0,1,0,0,0,0,0
3,"Thank you, but I want to remove it Pheebs. I don t want to make it savory.",0,1,0,0,0,0,0
4,It's laundry. The thinking through is minimal.,0,0,1,0,0,0,0
4,"But it s $2,000.",0,0,1,0,0,0,0
4,"All right they got water, orange juice, and what looks like cider.",0,0,1,0,0,0,0
0,Okay! My turn! My turn!,0,0,0,0,1,0,0
4,Who's that?,0,0,1,0,0,0,0
4,"Um uh We re-we re just having this baby together but uh, uh that s all.",0,0,1,0,0,0,0
4,"Oh, right, clink.",0,0,1,0,0,0,0
6,"Oh boy, me too!",0,0,0,0,0,0,1
4,Yeah,0,0,1,0,0,0,0
4,"Let's see. Congress is debating a new deficit reduction bill... the mayor wants to raise subway fares again... the high today was forty-five... and- oh, teams played sports.",0,0,1,0,0,0,0
4,"It s just y'know, been a couple of hours, and she hasn t called. Not that I even care, y'know.",0,0,1,0,0,0,0
4,Huh?,0,0,1,0,0,0,0
4,Do they wait for me to do this?,0,0,1,0,0,0,0
5,"Ah, hah-hah-hah-ho, yeah, he wishes. Oh, I'm sorry, look at me. OK, Michael, let's talk about you.",1,0,0,0,0,0,0
4,"Yeah, I ended up in the storage room, and not alone.",0,0,1,0,0,0,0
3,"Wait, wait, wait. You want him, I want her. He likes you.",0,1,0,0,0,0,0
4,"All right, well I guess I ll just have to do what I do on dates.",0,0,1,0,0,0,0
4,I just saw Janice.,0,0,1,0,0,0,0
4,Could tonight be the Night?,0,0,1,0,0,0,0
6,"Well, y'know, possibly.  You didn t tell him that, though? Right?",0,0,0,0,0,0,1
4,"Well, how-how come?",0,0,1,0,0,0,0
4,"All right, cut, let s pick again, pick again.",0,0,1,0,0,0,0
4,"Oh, yeah, yeah, sure. We live in the building by the uh sidewalk.",0,0,1,0,0,0,0
4,"She says as time goes on, he's gonna start getting agressive and violent.",0,0,1,0,0,0,0
0,Well of course that is what I m here for!,0,0,0,0,1,0,0
4,"Here s Frannie. Hmm, won t she be happy to see me?",0,0,1,0,0,0,0
4,"I think that uh, yours is a question with many answers.",0,0,1,0,0,0,0
6,What are you doing? We're going to a hospital.,0,0,0,0,0,0,1
4,It s it s complicated okay?,0,0,1,0,0,0,0
4,Hi.,0,0,1,0,0,0,0
4,"See buddy, that's all you need, a bunch of toothless guys hitting each other with sticks.",0,0,1,0,0,0,0
4,"See, I-I think that one that Elton John wrote for, um, that guy on",0,0,1,0,0,0,0
4,Hello.,0,0,1,0,0,0,0
4,Not exactly. . . I'm wearin panties.,0,0,1,0,0,0,0
3,"So the people that knew about our wedding before me were you, Phoebe and Rachel, Heldi, and apparently some band called Starlight Magic 7 who are available by the way!",0,1,0,0,0,0,0
4,Now he's gonna be the guy she goes too to complain about you.,0,0,1,0,0,0,0
6,You went through my personal property?,0,0,0,0,0,0,1
3,"Well, that's the best kiss I've had with anyone I've ever met in a men's room.",0,1,0,0,0,0,0
4,I m reading your ad.,0,0,1,0,0,0,0
4,Why don t I take you out?,0,0,1,0,0,0,0
3,"Okay. Okay, I got one. Do you remember that vegetarian pate that I made that you loved so much?",0,1,0,0,0,0,0
4,"Okay, it s not, it s not.",0,0,1,0,0,0,0
3,Oh! I remember laughing! I laughed a lot.,0,1,0,0,0,0,0
4,"And y'know, and um, I...",0,0,1,0,0,0,0
4,Yeah.,0,0,1,0,0,0,0
3,Yeah-yeah. And the craziest thing is that I just ate a whole pizza by myself!,0,1,0,0,0,0,0
0,You have no idea how loud they are!,0,0,0,0,1,0,0
4,"No, there were two.",0,0,1,0,0,0,0
6,Are you naked in there?,0,0,0,0,0,0,1
3,Hey!,0,1,0,0,0,0,0
6,"What we did was wrong. Oh god, I just had sex with somebody that wasn't alive during the Bicentennial.",0,0,0,0,0,0,1
3,Me too!,0,1,0,0,0,0,0
4,Hello.,0,0,1,0,0,0,0
4,"I don t know.  I can t tell, what ever it was went back in too quickly.",0,0,1,0,0,0,0
0,"Ok, look! Enough is enough!",0,0,0,0,1,0,0
4,"I mean, what s the harm in that?",0,0,1,0,0,0,0
4,"No, I gotta wear this thing for a couple weeks.",0,0,1,0,0,0,0
4,Thanks man.,0,0,1,0,0,0,0
3,Hey Monica!,0,1,0,0,0,0,0
4,"Well, Chandler and I are in a bar",0,0,1,0,0,0,0
4,"So, did shopping make you feel any better about Ross?",0,0,1,0,0,0,0
0,You want me to just quit my job so that you can feel like you've got a girlfriend?,0,0,0,0,1,0,0
6,"What s all this about you guys fighting?! Is this really over a room?! I mean, that is so silly!",0,0,0,0,0,0,1
0,"Ohh, let me see it! Let me see your hand!",0,0,0,0,1,0,0
4,"""Can t, its not there.""",0,0,1,0,0,0,0
4,Date of birth?,0,0,1,0,0,0,0
3,"Well I had a great time! Learned how to bake, ate great food, that s the first A I ve gotten since seventh grade,",0,1,0,0,0,0,0
4,And Joey?,0,0,1,0,0,0,0
3,Hey!,0,1,0,0,0,0,0
4,Well that's how I feel.,0,0,1,0,0,0,0
3,Yes!!,0,1,0,0,0,0,0
4,What am I going to do?,0,0,1,0,0,0,0
4,"Okay. All right, that's true! But y'know I just don't embarrass that easily.",0,0,1,0,0,0,0
4,"Oh no, I think I m gonna go home and eat ten candy bars.",0,0,1,0,0,0,0
4,Yeah.,0,0,1,0,0,0,0
3,Hey!,0,1,0,0,0,0,0
4,Yes please.,0,0,1,0,0,0,0
4,"Oh no-no-no, give me some specifics.",0,0,1,0,0,0,0
4,Demi Moore is not a he.,0,0,1,0,0,0,0
0,Doctor you gotta do something! I think you gotta give me drugs or you gotta light a fire up in there and just smoke it out.,0,0,0,0,1,0,0
4,What are these?,0,0,1,0,0,0,0
4,"Oh, some guy she met at the movies.",0,0,1,0,0,0,0
3,"Okay, now you're even cuter!!",0,1,0,0,0,0,0
4,"It was a mistake. Please don t take this to mean anything, because it doesn t.",0,0,1,0,0,0,0
4,"Oh-oh, Alec Baldwin and Kim Basinger.",0,0,1,0,0,0,0
4,I didn t tell him. I didn t know if you were telling people. This is back when I thought Kash was still people.,0,0,1,0,0,0,0
3,Hi!,0,1,0,0,0,0,0
4,"Ok, Pheebs. See how I'm making these little toys move? Opposable thumbs. Without evolution, how do you explain opposable thumbs?",0,0,1,0,0,0,0
5,Say you're sorry.,1,0,0,0,0,0,0
4,Yeah?,0,0,1,0,0,0,0
4,Hi.,0,0,1,0,0,0,0
0,No!,0,0,0,0,1,0,0
4,I'm back.,0,0,1,0,0,0,0
6,Is that funny? Am I supposed to be laughing?,0,0,0,0,0,0,1
4,Kinda... spooky without any lights.,0,0,1,0,0,0,0
4,Forget it. Not after your cousin who could belch the alphabet.,0,0,1,0,0,0,0
4,Ameri-can.,0,0,1,0,0,0,0
3,"Oh, look at me, look at me. Oh, I'm on a date with a really great guy, all I can think about is Ross and his cat and his... Julie. I just want to get over him. gosh, why can't I do that?",0,1,0,0,0,0,0
3,You got a Cheeto on your face man.,0,1,0,0,0,0,0
4,Hello.,0,0,1,0,0,0,0
4,I m an actor. I m kinda getting my picture up there on the wall.,0,0,1,0,0,0,0
4,But these are the three that Monica pre-approved.,0,0,1,0,0,0,0
4,Which what?,0,0,1,0,0,0,0
4,What are you doing?,0,0,1,0,0,0,0
4,All right. All right.,0,0,1,0,0,0,0
4,"That, that's the only thing the zoo's ever told me.",0,0,1,0,0,0,0
0,You had no right to tell me you ever had feelings for me.,0,0,0,0,1,0,0
4,"Here we go. Mona umm, I think it s time we-we had a conversation about-about where things are with us.",0,0,1,0,0,0,0
3,Yeah! You you were wonderful.,0,1,0,0,0,0,0
4,"Yeah,  oh, but oh...",0,0,1,0,0,0,0
4,Nope.,0,0,1,0,0,0,0
6,Are you under the sheet?,0,0,0,0,0,0,1
4,Hey you guys.,0,0,1,0,0,0,0
0,"Yeah, and it really freaked me out! And after a while I even tried to hurt you and it just spurred you on.",0,0,0,0,1,0,0
4,What a neat idea. All your clothes match. I'm gonna do this.,0,0,1,0,0,0,0
6,You do?,0,0,0,0,0,0,1
6,Really?,0,0,0,0,0,0,1
6,"Joey, what-what are you doing going into my bedroom?!",0,0,0,0,0,0,1
4,"Yeah, we are definitely on Route 27.",0,0,1,0,0,0,0
6,What are you guys doing here?,0,0,0,0,0,0,1
6,You want me to wear your panties?,0,0,0,0,0,0,1
4,No problem.,0,0,1,0,0,0,0
4,"Come on, they're close.",0,0,1,0,0,0,0
4,"Y'know I don t, I don t need them, huh, I ve got you guys now as friends, you and Susan.",0,0,1,0,0,0,0
4,Ohh that s nice.,0,0,1,0,0,0,0
3,"That s good. I got to admit, I thought it was something else.",0,1,0,0,0,0,0
4,"Well, I think I judged her too quickly, and this time we were able to take the relationship to the next level.",0,0,1,0,0,0,0
3,It-it would really help me out if you guys were here to make me look good.,0,1,0,0,0,0,0
0,"Oh wow, you didn t even try to unhook my bra!",0,0,0,0,1,0,0
4,"Okay. And uh, are you married.",0,0,1,0,0,0,0
0,"No, you didn't get me!! It's an electric drill, you get me, you kill me!!",0,0,0,0,1,0,0
4,"Yeah. Hey, remember when she brought up that thing about the three of us?",0,0,1,0,0,0,0
4,"Okay, stop it Phoebe, you re getting me all tingly.",0,0,1,0,0,0,0
4,"Really, it s fine, whatever you want.",0,0,1,0,0,0,0
4,Sagittarius?,0,0,1,0,0,0,0
4,Okay.,0,0,1,0,0,0,0
4,Oh. You mind if I join you?,0,0,1,0,0,0,0
4,Celebrities I m allowed to sleep with.,0,0,1,0,0,0,0
5,Hey honey! I missed you today!,1,0,0,0,0,0,0
3,Hey!,0,1,0,0,0,0,0
0,"Rach! Whoops! Rach, hey, open up, please!",0,0,0,0,1,0,0
4,Let s go.,0,0,1,0,0,0,0
6,You wanna do it right now?,0,0,0,0,0,0,1
4,"Yeah, but what if it's not? What if there    is a reason why we can't have a baby?",0,0,1,0,0,0,0
4,Hi.,0,0,1,0,0,0,0
0,Phoebe! Come on! Let s go!  Come on!  Why aren t you dressed yet?!,0,0,0,0,1,0,0
4,Hey Phoebs.,0,0,1,0,0,0,0
4,"Estelle, you gotta get me some work. I-I lost my health insurance.",0,0,1,0,0,0,0
3,I know!!!,0,1,0,0,0,0,0
4,Just smile and don t talk to,0,0,1,0,0,0,0
5,"I know honey, I m sorry.",1,0,0,0,0,0,0
3,Yeah!,0,1,0,0,0,0,0
6,Ow!,0,0,0,0,0,0,1
4,"And-and another one had never been to a party before, so",0,0,1,0,0,0,0
4,"Actually, nectarines, but basically...",0,0,1,0,0,0,0
4,B-bye Janice. So when ya' dumpin' her.,0,0,1,0,0,0,0
6,You've tasted it? You've tasted it.,0,0,0,0,0,0,1
4,"But she said she's looking for someone, and someone is gonna be there tonight.",0,0,1,0,0,0,0
4,"Good-good, don t tell him. Don t tell him. Just have him call me okay?",0,0,1,0,0,0,0
4,"And then when they do it, they re left with a big black pencil line right down the center of their face.",0,0,1,0,0,0,0
4,"Okay. Okay. All right. Help! Am I a Mark, or a John?",0,0,1,0,0,0,0
4,No.,0,0,1,0,0,0,0
4,"""Benefits lapsed.""",0,0,1,0,0,0,0
4,We are switching at the next rest stop and,0,0,1,0,0,0,0
4,"No, no, this is the first time.",0,0,1,0,0,0,0
4,"Okay look, look, let me ask you a question, when they were doing it on stage, was it like really hot?",0,0,1,0,0,0,0
4,"Everybody, this is Paolo. Paolo, I want you to meet my friends. This is Monica.",0,0,1,0,0,0,0
3,Hang on buddy!,0,1,0,0,0,0,0
3,My surprise party!,0,1,0,0,0,0,0
3,Yeah!,0,1,0,0,0,0,0
6,"Yes...Yes..Uh-huh, You? We did you.",0,0,0,0,0,0,1
6,Are you kidding me?,0,0,0,0,0,0,1
4,Regular or decaf?,0,0,1,0,0,0,0
6,What are you doing?!,0,0,0,0,0,0,1
6,"Why hasn't he called Rachel? Why? Why? I don't understand. Why? He said he'll call. Why? Why? Chandler I'm telling you she has flipped out, she's gone crazy!",0,0,0,0,0,0,1
5,"Well, I'm really sick of your smoking, so I brought something that is going to help you quit.",1,0,0,0,0,0,0
4,Thank you. Just make yourself comfortable.,0,0,1,0,0,0,0
4,Okay.,0,0,1,0,0,0,0
6,Yes! You re the person who checked out my book?!,0,0,0,0,0,0,1
4,Where's Ben?,0,0,1,0,0,0,0
3,"Well, I would love to but the bike got stolen and the police have no suspects.",0,1,0,0,0,0,0
4,Y'know Monica you had a minor setback in your relationship with Chandler. Big deal! It's only Chandler.  I am,0,0,1,0,0,0,0
4,I do-I do,0,0,1,0,0,0,0
3,Or-or magic!,0,1,0,0,0,0,0
4,"Okay. Umm, for a while now, I've been wanting to, um....",0,0,1,0,0,0,0
4,"Hey now! That was an accident, okay.",0,0,1,0,0,0,0
4,It still wouldn't be clean. All I want is my freedom.,0,0,1,0,0,0,0
3,Yeah!!,0,1,0,0,0,0,0
3,Wow! That was good. That was... Tweezers?,0,1,0,0,0,0,0
4,"Well, I relied on a carefully regimented program of denial and, and wetting the bed.",0,0,1,0,0,0,0
0,"Oh, who should I blame? The nice bell man who had to drag out luggage to 10 different rooms?",0,0,0,0,1,0,0
4,Totally.,0,0,1,0,0,0,0
6,What?,0,0,0,0,0,0,1
4,"Well, I'm guessing uh, tonight at the coffee house.",0,0,1,0,0,0,0
4,I'm gonna do it.,0,0,1,0,0,0,0
4,So. You two are totally into each other.,0,0,1,0,0,0,0
6,"Are you kidding?! Another week with that sip, I ll kill",0,0,0,0,0,0,1
6,What?,0,0,0,0,0,0,1
4,Okay.,0,0,1,0,0,0,0
4,Monica.,0,0,1,0,0,0,0
0,"Monica, you don t even have a bed, you sleep in a ball on the floor!",0,0,0,0,1,0,0
4,Jill says vestibule... I'm going with vestibule.,0,0,1,0,0,0,0
0,Y'know what? It was a stupid play anyway!,0,0,0,0,1,0,0
4,"Well, okay. Would-would you get me a",0,0,1,0,0,0,0
4,He even showed me charcoal drawings that he drew of me.,0,0,1,0,0,0,0
0,Let's go!,0,0,0,0,1,0,0
6,Okay.  Ow!!!!! Ow-oh-oh!,0,0,0,0,0,0,1
4,"Peach pit. That night we, uh- we had-",0,0,1,0,0,0,0
4,"Hi. Tag, I have a conference call today is that correct?",0,0,1,0,0,0,0
4,Okay.,0,0,1,0,0,0,0
3,"Shoot! Shoot! Shoot! Shoot, or just fall down. That's good too.",0,1,0,0,0,0,0
0,Look at that!,0,0,0,0,1,0,0
4,Five years.,0,0,1,0,0,0,0
4,Hi .,0,0,1,0,0,0,0
4,"Y know, I know that I said that I am totally okay with Ross getting married, but as it turns out, I don t think I m handling it all that well.",0,0,1,0,0,0,0
4,I ve just been thinking about how my baby and I are gonna be all alone.,0,0,1,0,0,0,0
6,Have you seen Chandler?!,0,0,0,0,0,0,1
3,It's like a gift.,0,1,0,0,0,0,0
4,"Y'know ah, I-I don t know why my character likes you either, I mean it says in the script here that you re a bitch.",0,0,1,0,0,0,0
5,Nooo. I had a story all worked out but then Chandler sold me out.,1,0,0,0,0,0,0
3,And that's I'm so glad... there's no problem.,0,1,0,0,0,0,0
3,"Wow! Your lip went bald. Hey, thanks.",0,1,0,0,0,0,0
3,"Yeah! And! And, it was the easiest 400 bucks I ve ever made.",0,1,0,0,0,0,0
6,What?,0,0,0,0,0,0,1
6,"Me? Oh, no, I am not an actress.",0,0,0,0,0,0,1
4,Okay.,0,0,1,0,0,0,0
4,Is that all?,0,0,1,0,0,0,0
4,I don t know. Do-do you have any clothes on?,0,0,1,0,0,0,0
4,Hi! Phoebe.,0,0,1,0,0,0,0
4,"Yeah uh, y'know what uh, let's skip it.",0,0,1,0,0,0,0
6,"Now, do you have any idea what you just said?",0,0,0,0,0,0,1
0,"Oh boy, I just can't watch. It's too scary!",0,0,0,0,1,0,0
4,"Oh well, it s not on TV yet.",0,0,1,0,0,0,0
4,I don't know exactly.,0,0,1,0,0,0,0
0,I am so psyched I kept this chair for myself!,0,0,0,0,1,0,0
6,Hey! Why are you all red and sweaty?,0,0,0,0,0,0,1
4,Hey.,0,0,1,0,0,0,0
4,"The point is I... I don't need this right now, OK. It, it's too late, I'm with somebody else, I'm happy. This ship has sailed.",0,0,1,0,0,0,0
4,"So, I figured it out.",0,0,1,0,0,0,0
3,"Oh my God, it's that Victoria's Secret model. Something... something Goodacre.",0,1,0,0,0,0,0
6,What?,0,0,0,0,0,0,1
0,"OK, now I'm gonna kick some ass.",0,0,0,0,1,0,0
4,Oh all right.,0,0,1,0,0,0,0
6,Look at that! Look at that! They re going into the first class lounge! Do you know what they have in there?,0,0,0,0,0,0,1
6,Who did?!,0,0,0,0,0,0,1
4,It's not gonna be exactly like last time.,0,0,1,0,0,0,0
6,With Carol?  Oh.,0,0,0,0,0,0,1
4,Did you make brownies today?,0,0,1,0,0,0,0
6,"Ohh, ohh.",0,0,0,0,0,0,1
4,Yep.,0,0,1,0,0,0,0
4,Hey.,0,0,1,0,0,0,0
0,"Look, you have done enough! Okay? You have to stop this now.",0,0,0,0,1,0,0
4,And?,0,0,1,0,0,0,0
3,That's always fun to be.,0,1,0,0,0,0,0
3,"Hi! All right, let s go shoppin !!",0,1,0,0,0,0,0
4,"Yeah, like in a cab...",0,0,1,0,0,0,0
4,I so wanna be attracted to you.,0,0,1,0,0,0,0
4,The players.,0,0,1,0,0,0,0
4,Janice?,0,0,1,0,0,0,0
6,God?,0,0,0,0,0,0,1
4,I'm not in a meeting. I'm right... Whoops.,0,0,1,0,0,0,0
4,How s that going?,0,0,1,0,0,0,0
4,"I know.  Yeah, his name is Pat.",0,0,1,0,0,0,0
3,"You're the most wonderful man. And if you hadn't of said 'if I have to' like seventeen times, then I'd be saying 'okay, let's do it.'",0,1,0,0,0,0,0
6,Am I the only one who doesn't think that she's hot? Ross?,0,0,0,0,0,0,1
4,Check this out. Five hundred and seventeen boxes!,0,0,1,0,0,0,0
4,"Ugh, she",0,0,1,0,0,0,0
3,"I love it, when we share.",0,1,0,0,0,0,0
4,Who's this from?,0,0,1,0,0,0,0
4,"Yeah, but this isn't the face of a person who trusts a person. Ok, this is the face of a person who, you know, doesn't trust a person.",0,0,1,0,0,0,0
4,No.,0,0,1,0,0,0,0
4,"All right, you know Paolo?",0,0,1,0,0,0,0
6,Oh my God! Are you serious?!,0,0,0,0,0,0,1
6,"Oh, God...",0,0,0,0,0,0,1
3,"Oh, come on! He's glad that I came, he doesn't want me to go anywhere, balls flying all over the place!",0,1,0,0,0,0,0
6,Oh my good God.,0,0,0,0,0,0,1
4,I know what time you said.,0,0,1,0,0,0,0
4,"Okay, here you go.  I have two queens, what do you have?",0,0,1,0,0,0,0
4,Every day is Lesbian Lover Day.,0,0,1,0,0,0,0
6,What?,0,0,0,0,0,0,1
4,"I mean if you buy a bed from Janice s ex-husband, that s like betraying Chandler.",0,0,1,0,0,0,0
4,Uh-huh.,0,0,1,0,0,0,0
3,Great! Go get him.,0,1,0,0,0,0,0
4,"Umm, it s Cutie McPretty.",0,0,1,0,0,0,0
3,"Okay. Hey Ooh, cool sheets!",0,1,0,0,0,0,0
4,Hey.,0,0,1,0,0,0,0
4,...Does the knuckle-cracking bother everybody?,0,0,1,0,0,0,0
4,"Hey, it's me.",0,0,1,0,0,0,0
4,"Well, it does not ring a bell with me...",0,0,1,0,0,0,0
4,"Well, we don t want that.",0,0,1,0,0,0,0
4,"So, how many have you sold so far?",0,0,1,0,0,0,0
4,"Sorry, I just don t like the idea of when I say ""I do,"" he s thinking, ""Yeah, I d do her too!""",0,0,1,0,0,0,0
4,Y'know what?,0,0,1,0,0,0,0
4,"Hey Ross, listen, you want anything to drink,  cause I m heading up there.",0,0,1,0,0,0,0
4,"Oh, you dont know. Helen, could you make sure we put through the paperwork on Miss Bookbinders raise?",0,0,1,0,0,0,0
4,"Ah, y'see, perfect might be a problem. Had you said 'co-dependent', or 'self-destructive'...",0,0,1,0,0,0,0
3,I'll get it! I will get that!,0,1,0,0,0,0,0
4,"Oh, no. Ah, I playing your husband, Victor. I'm Joey Tribianni.",0,0,1,0,0,0,0
4,"Umm, I gotta go to the store; I told him that I would buy him some more tissues.",0,0,1,0,0,0,0
4,I know it doesn't make much sense,0,0,1,0,0,0,0
6,Oh my God.,0,0,0,0,0,0,1
5,"Hm-hmm, I told you!  I can t believe that I ve only got two hours before I call in sick for work.",1,0,0,0,0,0,0
3,"Oh, it s incredible! I so want to be a Waxine girl.",0,1,0,0,0,0,0
4,I can't sleep now.,0,0,1,0,0,0,0
3,Hey!,0,1,0,0,0,0,0
0,Incredible! I met the director this time and you'll never believe who it was.,0,0,0,0,1,0,0
6,What?,0,0,0,0,0,0,1
4,"Well, they go into the chipper.",0,0,1,0,0,0,0
6,Noooooo!!,0,0,0,0,0,0,1
4,How could I forget?,0,0,1,0,0,0,0
4,Let me see the earrings.,0,0,1,0,0,0,0
6,Oh-Wha-Ho! What are you middle naming me for?! I left you a note!,0,0,0,0,0,0,1
4,"Yeah I know what I wanted to ask you. Um, can you roll your tongue? Because I can, and my Mom couldn't, and I thought y'know, I figured that was something I got from our Dad.",0,0,1,0,0,0,0
6,"Uh,  wow, 700.",0,0,0,0,0,0,1
4,Where's Joey? His mom's on the phone.,0,0,1,0,0,0,0
4,"He's not gonna make it, he's stuck in Chicago.",0,0,1,0,0,0,0
3,"No, I mean it, this feels really good. Is it a hundred percent cotton?",0,1,0,0,0,0,0
4,"You still think of it as your apartment, don't you?",0,0,1,0,0,0,0
4,What s the charity?,0,0,1,0,0,0,0
4,"Hey, Kicky. What're you doing?",0,0,1,0,0,0,0
4,"He's right there, he's got the blue jacket on, I... can I j-just...",0,0,1,0,0,0,0
6,"Heh, what d'ya say?",0,0,0,0,0,0,1
4,"Well, I heard Emma stirring, so I came to make sure she could    reach Hugsy.",0,0,1,0,0,0,0
3,Bob's a mom!,0,1,0,0,0,0,0
4,How could I forget?,0,0,1,0,0,0,0
4,Not right now.,0,0,1,0,0,0,0
0,"Oh my God Chandler, the one you picked is gone. It s over!",0,0,0,0,1,0,0
4,"Yeah, but uh, it was 1982 and my flock of seagulls haircut was tickling her chin.",0,0,1,0,0,0,0
3,Here she is! Future fashion superstar!,0,1,0,0,0,0,0
0,Chandler please!,0,0,0,0,1,0,0
4,"Well, so, play for the next 30 minutes and then write until he gets home.",0,0,1,0,0,0,0
4,Hey Bob.,0,0,1,0,0,0,0
4,Wow.,0,0,1,0,0,0,0
6,"I say, 'I am there!' Cool! Aw, is Ross going to?",0,0,0,0,0,0,1
6,What-what is love really?,0,0,0,0,0,0,1
4,"Ah, no-no-no just Ross. Ross and Joey is embarrassing enough.",0,0,1,0,0,0,0
3,"That's a good thing actually, because ah, he used to have me rehearse with him.",0,1,0,0,0,0,0
0,"I know, I lied! I didn t want her to think I was a terrible mother! I can t even see my own baby!",0,0,0,0,1,0,0
4,Which is why,0,0,1,0,0,0,0
4,"Oh, Mon, sure.",0,0,1,0,0,0,0
4,"Wow, I have the spirit of an old Indian women living in mine.",0,0,1,0,0,0,0
4,Okay.,0,0,1,0,0,0,0
6,Ohhh!!!!,0,0,0,0,0,0,1
4,"Oh yeah? If I can't, I'll knock five bucks off the price off the unit.",0,0,1,0,0,0,0
3,Hey! Any good mail?,0,1,0,0,0,0,0
3,"I don't know. Look he's a great guy and I love being with him but... you know. Things happen, and they happen. You don't plan these things.",0,1,0,0,0,0,0
6,Who?,0,0,0,0,0,0,1
4,"Okay, I know what I have to do. I ve got to go Red Ross.  Y know, Red Ross!",0,0,1,0,0,0,0
3,All right! All right! It was the best nap ever!,0,1,0,0,0,0,0
4,"No, that's fine.",0,0,1,0,0,0,0
4,"Well, that would ve been very hard to say no too.",0,0,1,0,0,0,0
4,"Ben, Ben, hey Ben. Nothing. I don't think that's his name.",0,0,1,0,0,0,0
3,I m great! I m great. I ve got a great job at,0,1,0,0,0,0,0
3,Well do you love him?,0,1,0,0,0,0,0
3,Hi!,0,1,0,0,0,0,0
4,"Will you grow up? I'm not talking about sexy stuff, but, like, when I'm cooking naked.",0,0,1,0,0,0,0
6,Oh my god.,0,0,0,0,0,0,1
4,"No, no, Pheebs, we can't, ok, because--",0,0,1,0,0,0,0
4,Well then maybe I will.,0,0,1,0,0,0,0
4,Thank you.,0,0,1,0,0,0,0
6,What just happened?,0,0,0,0,0,0,1
3,Oh my God! This is it!   I really hope it s you!,0,1,0,0,0,0,0
4,"Oh God. Uh, okay, here s the thing, this is the thing, okay, the thing is...",0,0,1,0,0,0,0
5,"I m just gonna throw it out, it s probably just a bunch of shampoo and...",1,0,0,0,0,0,0
4,"Anyway, umm so I was um, I was hiking",0,0,1,0,0,0,0
6,Oh!  Oh by the way?,0,0,0,0,0,0,1
0,"But, I need your germs! I want my cold back! I miss my sexy voice.",0,0,0,0,1,0,0
4,Monica.,0,0,1,0,0,0,0
3,"He's great! I mean we have such a good time together! He's so funny, and sooo sweet, and I'm not attracted to him at all!!",0,1,0,0,0,0,0
4,"Me too! Yeah. And comfortable. Do uh, do you like leather seats?",0,0,1,0,0,0,0
3,Can you hold on a moment? I have another call.  I love her.,0,1,0,0,0,0,0
4,Oh uh well tomorrow s no good for her either.,0,0,1,0,0,0,0
4,"It s okay. Come, come on in.",0,0,1,0,0,0,0
4,Hey.,0,0,1,0,0,0,0
4,You can call off the roommate search!  Hi! I ll be living here.,0,0,1,0,0,0,0
4,"Ross, no! There is",0,0,1,0,0,0,0
4,Okay.,0,0,1,0,0,0,0
3,Wow thanks!,0,1,0,0,0,0,0
6,You got me a cola drink?,0,0,0,0,0,0,1
4,You mean this.,0,0,1,0,0,0,0
4,"I just talked him into it, don t tell me I have to do you too.  The puppet master gets tired people.",0,0,1,0,0,0,0
6,Really?,0,0,0,0,0,0,1
6,What?! Tonight?!,0,0,0,0,0,0,1
4,"Yes-yes-yes! But, I-I do",0,0,1,0,0,0,0
4,Hello?,0,0,1,0,0,0,0
4,"Oh, then you do know it.  So um what kind of things do you write about?",0,0,1,0,0,0,0
0,"Nobody move!  Okay, you look that way; I'll look this way!",0,0,0,0,1,0,0
4,"No Joey! Look why don t, why don t we just let her decide? Okay? Hey-hey, we ll",0,0,1,0,0,0,0
4,"Wow, is that Michelle?",0,0,1,0,0,0,0
4,"No. 'Cause you need that. No, it's okay, thanks.",0,0,1,0,0,0,0
6,"Whoa, ah!! We re you just gonna give me some lemonade?",0,0,0,0,0,0,1
4,Said what? Exactly.,0,0,1,0,0,0,0
4,A four and a nine.,0,0,1,0,0,0,0
6,"Come on! Come on! Here, okay-okay, you see this?  This tiny thing that looks like a peanut?",0,0,0,0,0,0,1
6,Dude! How-how did you write this?,0,0,0,0,0,0,1
6,Barry?!,0,0,0,0,0,0,1
0,"Ohh, welcome to an adult relationship!",0,0,0,0,1,0,0
6,What?! Over a stupid room!,0,0,0,0,0,0,1
3,"Yeah. But of course we had to update it a little bit.  Hey, by the way, great thinking about catching me!",0,1,0,0,0,0,0
6,What the hell are you doing? You scared the crap outta me.,0,0,0,0,0,0,1
0,Why don't we just put 'poor little Tooty' out in the hall?,0,0,0,0,1,0,0
4,"And um, what-what is that Ross?",0,0,1,0,0,0,0
6,Well what is it? Is it a mole?,0,0,0,0,0,0,1
6,"Oh my God, they took my idea!",0,0,0,0,0,0,1
4,"No Joey, look. Trust me, all the men are wearing them in the spring catalog. Look.  See look,",0,0,1,0,0,0,0
4,I don t know. Should we try it?,0,0,1,0,0,0,0
4,"Okay, we have to talk. I m just getting out of a very serious relationship",0,0,1,0,0,0,0
4,"Y know she s, well she s-she s just as pretty, I guess she s smart, she s",0,0,1,0,0,0,0
6,You said you loved me! I can't believe this!,0,0,0,0,0,0,1
0,"Yeah, I locked him years ago!",0,0,0,0,1,0,0
6,"Oh my God, what happened?",0,0,0,0,0,0,1
4,"Oh, right, OK. Ole.",0,0,1,0,0,0,0
4,"Chandler, we still haven t gotten an RSVP from your dad.",0,0,1,0,0,0,0
0,I don t care! The wires have come loose in your head!,0,0,0,0,1,0,0
4,"Felicity and I, we re watching",0,0,1,0,0,0,0
4,"I know we're not, but  Frank Medeio and...  Eva Trorro... womba...",0,0,1,0,0,0,0
6,"You guys are messing with me, right?",0,0,0,0,0,0,1
4,You re gonna have to tell me how you did that.,0,0,1,0,0,0,0
4,"Well, I believe the piece of furniture was fine until your little breakfast adventure with Angela Delvecchio",0,0,1,0,0,0,0
0,"Oh, I-I, I think that's the first time I ever missed a meal!  Yeah, my pants are a little loose!",0,0,0,0,1,0,0
0,Mia Hamm!,0,0,0,0,1,0,0
4,What kind of research?,0,0,1,0,0,0,0
4,Clear the tracks for the boobie payback express. Next stop: Rachel Green.,0,0,1,0,0,0,0
4,Nuh-uh.,0,0,1,0,0,0,0
3,Hey!,0,1,0,0,0,0,0
4,"Yeah, turns out our kids go to the same school. Small world huh?",0,0,1,0,0,0,0
4,"Okay, you know, you know when your in bed, with a woman.",0,0,1,0,0,0,0
4,"Hey Ross! Listen, do you want to go see that new Imax movie on tide pools?",0,0,1,0,0,0,0
4,I was gonna give you a chance to apologise to me.,0,0,1,0,0,0,0
6,"God, what is wrong with me.",0,0,0,0,0,0,1
4,"Okay, you guys. You guys I think I know what s going on here. Okay, you guys",0,0,1,0,0,0,0
6,"Oh God, Ross, I cannot do this.",0,0,0,0,0,0,1
4,I m gonna give you my weeks notice.,0,0,1,0,0,0,0
6,What?,0,0,0,0,0,0,1
4,Hey.,0,0,1,0,0,0,0
6,What did you just say?,0,0,0,0,0,0,1
4,Taste it.,0,0,1,0,0,0,0
4,That's it?,0,0,1,0,0,0,0
4,I still don't get why Greg and Jenny would give us a fake number.,0,0,1,0,0,0,0
3,Hey! I offered to marry her!,0,1,0,0,0,0,0
0,Storming out!,0,0,0,0,1,0,0
4,"I say we just break the window, crawl through, and-and y know explain later.",0,0,1,0,0,0,0
6,"Joey, what-wh-wh-wha-wh-wha-wh-wha-wh-wha-what are you doing here?",0,0,0,0,0,0,1
4,"Okay, so what name am I cool enough to pull off?",0,0,1,0,0,0,0
3,"Hey, Mon, I was just doing the dishes!",0,1,0,0,0,0,0
4,Good to know.,0,0,1,0,0,0,0
6,Who cares? Nobody reads those things,0,0,0,0,0,0,1
4,"Look, I understand if you came by to hit me, I deserve it.",0,0,1,0,0,0,0
4,"Y know, if, if this is too weird for you, we can still back out at",0,0,1,0,0,0,0
4,"Okay, I m not gonna have one.",0,0,1,0,0,0,0
6,What?,0,0,0,0,0,0,1
3,Go!,0,1,0,0,0,0,0
4,"Sorry I'm late, but I left late.",0,0,1,0,0,0,0
4,Hi! I m Dr. Drake Remoray and I have a few routine questions I need to ask you.,0,0,1,0,0,0,0
4,Uh that s an eighteenth century Indian artifact from Calcutta.,0,0,1,0,0,0,0
4,Joey Tribbiani.,0,0,1,0,0,0,0
3,Yeah! Ask them if they brought their friends any souvenirs!,0,1,0,0,0,0,0
4,"Okay, I guess we can lose to junior high girls some other time.",0,0,1,0,0,0,0
6,Whoa! What?! Why?!,0,0,0,0,0,0,1
4,"All right, that's it, I quit.",0,0,1,0,0,0,0
3,"Yeah, a lot. A lot, a lot!",0,1,0,0,0,0,0
4,Every day is Lesbian Lover Day.,0,0,1,0,0,0,0
4,That s what I said.,0,0,1,0,0,0,0
3,"Yeah, okay, at ease solider!",0,1,0,0,0,0,0
6,What? So now I m not allowed to fire him?,0,0,0,0,0,0,1
6,"Hey, you guys! Guess what?",0,0,0,0,0,0,1
4,"Ok, Paulo, why don't you just go get dressed, and then you be on your way, ok, bye-bye.",0,0,1,0,0,0,0
4,"and the miracle was that that little bit of oil that should ve just lasted just one day, burned for",0,0,1,0,0,0,0
5,"I wake up this morning, the stripper s gone and the ring is gone!",1,0,0,0,0,0,0
4,Hi.,0,0,1,0,0,0,0
4,No one.,0,0,1,0,0,0,0
6,Whoa-ho.,0,0,0,0,0,0,1
4,You think you know me so well.,0,0,1,0,0,0,0
4,Julie.,0,0,1,0,0,0,0
4,Baddest. Otherwise the song would be Fat Fat Leroy Brown.,0,0,1,0,0,0,0
0,"Okay, could you just stop talking for a second?  Yemen. That s right, yes, I m being transferred to Yemen!",0,0,0,0,1,0,0
6,Are they in love?,0,0,0,0,0,0,1
4,OK.,0,0,1,0,0,0,0
6,She laughed at you?,0,0,0,0,0,0,1
4,Sure.,0,0,1,0,0,0,0
6,"Oh that was yours? Uh, yeah, we used it when the duck was throwing up caterpillars.",0,0,0,0,0,0,1
4,"The blond woman is my ex-wife, and the woman touching her is her... close, personal friend.",0,0,1,0,0,0,0
3,"Oooh-hoo, very attractive, forgiving.",0,1,0,0,0,0,0
4,How s she doing?,0,0,1,0,0,0,0
4,"Yeah! Oh, and then afterwards you can take her to the",0,0,1,0,0,0,0
4,"Alright, fine, you go ahead and you do that, alright Ross.",0,0,1,0,0,0,0
4,Maybe nobody's tried this.,0,0,1,0,0,0,0
6,W-wait. What is that?,0,0,0,0,0,0,1
6,"The Celtics? Ha. They couldn't hit a boat if...wait. They suck, alright?",0,0,0,0,0,0,1
4,"Okay, how long was I watching that woman?",0,0,1,0,0,0,0
4,Okay.,0,0,1,0,0,0,0
4,"Look, you and I went to different high schools...",0,0,1,0,0,0,0
4,"No no no... I mean,",0,0,1,0,0,0,0
4,Okay.,0,0,1,0,0,0,0
4,"Uh, so, where did you say you're from again?",0,0,1,0,0,0,0
4,"Yeah, well it came to about $112, but what the hell, just call it an even 110?",0,0,1,0,0,0,0
4,"Oh, thanks, thanks. Bye bye Jeannie.",0,0,1,0,0,0,0
4,"And Mon, you wanna live with Chandler, don t ya?",0,0,1,0,0,0,0
3,Hey!,0,1,0,0,0,0,0
4,"Alright, here's my $7.50.  But I think you should know that this money is cursed.",0,0,1,0,0,0,0
6,Instead of...?,0,0,0,0,0,0,1
4,"Wait, are you leaving?",0,0,1,0,0,0,0
0,"Hey, check me out, I m a slut!",0,0,0,0,1,0,0
4,"Monica, come on now. Let's go, baby coming.",0,0,1,0,0,0,0
4,"Like, when you're cooking a steak.",0,0,1,0,0,0,0
4,I don't think so.,0,0,1,0,0,0,0
4,Can I tell you something? Me too.,0,0,1,0,0,0,0
6,"You wanna go right now? 'Cause I'll take you right now, buddy! You wanna go?",0,0,0,0,0,0,1
0,Nodded off!! Ross you were snoring. My father's boat didn't make that much noise when it hit rocks!,0,0,0,0,1,0,0
3,Hey!,0,1,0,0,0,0,0
4,"Oh, I m not doing it alone. I have Ross.",0,0,1,0,0,0,0
3,"This is so fun. All right, what do we do now?",0,1,0,0,0,0,0
4,"Yeah, it was really hard.",0,0,1,0,0,0,0
0,"Oh.  No! No wait, that s weird!",0,0,0,0,1,0,0
0,Yeah huh!! Cover yourself up!,0,0,0,0,1,0,0
4,Okay.,0,0,1,0,0,0,0
4,"Excuse me, umm, can I talk to you over here for just a second?",0,0,1,0,0,0,0
4,Always.,0,0,1,0,0,0,0
3,"You re, you re really, you re so good.",0,1,0,0,0,0,0
4,"Ok, ok, so you're not a fan, but I mean, come on, you cannot do this to her.",0,0,1,0,0,0,0
4,"Well yeah, don t-don t you think it s a she?",0,0,1,0,0,0,0
4,Oh.,0,0,1,0,0,0,0
3,"Oh, no problem. I'm so glad I could help. Happy for you.",0,1,0,0,0,0,0
4,I see. Nice sidestep on the do do thing by the way.,0,0,1,0,0,0,0
4,Yeah but when he proposed to me with the ring I got goose bumps.,0,0,1,0,0,0,0
4,"Oh, hi Max! Hey, do you know everybody?",0,0,1,0,0,0,0
4,Okay.,0,0,1,0,0,0,0
3,"I got a big date coming up, do you know a good restaurant?",0,1,0,0,0,0,0
4,"Yeah, wow, sorry Rach.",0,0,1,0,0,0,0
4,No. But thanks.,0,0,1,0,0,0,0
4,"Thanks, but I kinda have a problem to deal with here.",0,0,1,0,0,0,0
4,"I am, I'm ignoring you.",0,0,1,0,0,0,0
4,Electrical plans for the building.,0,0,1,0,0,0,0
0,Some guy!!,0,0,0,0,1,0,0
6,"Well, y'know two regulars. And ah one that barely qualifies as... Ahh, what?",0,0,0,0,0,0,1
4,"Tell me about it, I feel like I m holding down the fort all by myself.",0,0,1,0,0,0,0
3,"You look great. I, uh... I hate that.",0,1,0,0,0,0,0
5,Some guy bought it. I m sorry. I tired to stop it but they  put me in jail!,1,0,0,0,0,0,0
4,"I m a doctor Cliff, not a mathematician.",0,0,1,0,0,0,0
6,"Phoebe, oh my God! Wh-wh-what are you doing here?",0,0,0,0,0,0,1
4,"No, no, it's just my tooth.",0,0,1,0,0,0,0
4,"Where do you think,  Zelda?",0,0,1,0,0,0,0
3,Good!,0,1,0,0,0,0,0
4,"Like-like umm, regular coffee, Tequila.",0,0,1,0,0,0,0
6,"Oh, we're gonna flip for the baby?",0,0,0,0,0,0,1
4,"Oh, well then, if anybody should have a party it should be him.",0,0,1,0,0,0,0
4,"It s not for me, it s for Rachel.",0,0,1,0,0,0,0
4,Well do you want some help?,0,0,1,0,0,0,0
4,"Ross is smart and funny, d'you ever think that about him?",0,0,1,0,0,0,0
4,Oh.,0,0,1,0,0,0,0
6,Really?,0,0,0,0,0,0,1
4,"Well, unfortunately, I don't get many callbacks so",0,0,1,0,0,0,0
4,Now I gotta be careful?,0,0,1,0,0,0,0
6,"Why, are you moving out?",0,0,0,0,0,0,1
4,"Okay, now you're just kinda tidying.",0,0,1,0,0,0,0
4,Chloe? Hi..,0,0,1,0,0,0,0
3,Left!  Thank you.,0,1,0,0,0,0,0
4,"Listen, you know how uh, when you re wearing pants and you lean forward I check out your underwear?",0,0,1,0,0,0,0
4,Hey.,0,0,1,0,0,0,0
4,"Yeah, I ll do that. So who gets to be yours?",0,0,1,0,0,0,0
4,Susan Sarandon.,0,0,1,0,0,0,0
3,"See, this is exactly the kind of thing that makes her think you guys love me more than you love her.",0,1,0,0,0,0,0
4,"Oh right, yeah okay, my Mom could, and I can't. We don't have that....",0,0,1,0,0,0,0
6,Why?,0,0,0,0,0,0,1
4,Hi Gram. Whatcha doin'?,0,0,1,0,0,0,0
6,What?!,0,0,0,0,0,0,1
3,Hey!,0,1,0,0,0,0,0
6,What?,0,0,0,0,0,0,1
4,"Oh, and then Monica joked that she wouldn t go out with a guy like Chandler...",0,0,1,0,0,0,0
0,"Oh, that sucks!",0,0,0,0,1,0,0
4,"""Indeed there isn't""... I should really get back to work.",0,0,1,0,0,0,0
6,It s happened to you?,0,0,0,0,0,0,1
4,"Y know when we move in together, can I get a gumball machine?",0,0,1,0,0,0,0
6,"Oh my God! So was she! Oh, I ve got-I ve got goose bumps.",0,0,0,0,0,0,1
4,Haven't we made this decision?,0,0,1,0,0,0,0
4,I've never slept with someone for a part.,0,0,1,0,0,0,0
4,"Oh, I ll go out and get you some.",0,0,1,0,0,0,0
0,"No! No, you can't arrest me! No!! I won't go back! I won't go back to that hell hole!!",0,0,0,0,1,0,0
5,"Oh, I wouldn t miss this.",1,0,0,0,0,0,0
4,"Yeah! And I got it on sale, too.",0,0,1,0,0,0,0
4,Hello?,0,0,1,0,0,0,0
5,I m sorry I m a little late.,1,0,0,0,0,0,0
3,"One, my friends are the most important thing in my life, two, I never lie, and three, I make the best oatmeal raisin cookies in the world.",0,1,0,0,0,0,0
4,"I mean, your Dad tells me that you get a couple of days off school, and you, you ah, don t have to sell those cookies anymore.",0,0,1,0,0,0,0
0,"Oh come on guys, it s not like I moved to Europe! I just moved across the hall! And",0,0,0,0,1,0,0
4,So if you just give me another chance to make a good impression,0,0,1,0,0,0,0
6,"Oh my god, little Stevie Fisher? How've you been?",0,0,0,0,0,0,1
4,"All right, all right.",0,0,1,0,0,0,0
4,"Y'know what, champ? I think I'll pass.",0,0,1,0,0,0,0
0,Hold it!  N.Y.P.D! Freeze punk!,0,0,0,0,1,0,0
6,"Are you serious?! Chandler, we ate an entire cheesecake two days ago and you want more?",0,0,0,0,0,0,1
6,What about me?! You-you just said I could!,0,0,0,0,0,0,1
0,"No! Sorry, I just thought you were somebody else. Hi!",0,0,0,0,1,0,0
4,"Ok, bye. Well, Monica's not coming, it's just gonna be me and Rachel.",0,0,1,0,0,0,0
0,"That's because their nerves are probably deadened from being so stupid. But hey, y'know if you don't believe me, please, by my guest.",0,0,0,0,1,0,0
4,Hi.,0,0,1,0,0,0,0
0,Let me tell you about this chick I scored with last night! Oh no wait a minute that was you!,0,0,0,0,1,0,0
4,"This is it, isn't it? I mean, this is what my life is gonna be like. My mom there, my dad there. Thanksgiving, Christmas. She gets the house, he's in some condo my sister's gonna decorate with wicker. Oh, Chandler how did you get through this?",0,0,1,0,0,0,0
4,"Oh, Carol and I have a new system. If she punches in 911, it means she's having a baby, otherwise I just ignore it.",0,0,1,0,0,0,0
4,Sure.,0,0,1,0,0,0,0
4,"Yeah listen so, I thought I was getting better, so on my way home today I stopped by this guitar store and",0,0,1,0,0,0,0
4,"Look, I m just gonna be across the hall, we can still do all the same stuff.",0,0,1,0,0,0,0
4,That s funny. Umm .  It s not funny.,0,0,1,0,0,0,0
4,"Okay, is everybody clear? We re gonna pick it up and move it. Now all we need is teamwork, okay? We re gonna",0,0,1,0,0,0,0
4,"Oh, that s okay, I can t wait to see everything again! All of the memories",0,0,1,0,0,0,0
3,"Okay, good-good for you.",0,1,0,0,0,0,0
4,"Look, it's okay, no, no, no, really, look um, I really appreciate this Pheebs, but I think I'm gonna have to go back to Estelle.",0,0,1,0,0,0,0
4,"Aw forget it, it s from",0,0,1,0,0,0,0
3,Do it!,0,1,0,0,0,0,0
5,Say you're sorry.,1,0,0,0,0,0,0
6,How do you know about that story?!,0,0,0,0,0,0,1
3,Hey!,0,1,0,0,0,0,0
0,Oh my God! I overslept! I was supposed to be on the set a half an hour ago! I gotta get out of here!,0,0,0,0,1,0,0
4,Fine.,0,0,1,0,0,0,0
4,"Err, right.",0,0,1,0,0,0,0
4,Yes!!  Oh.,0,0,1,0,0,0,0
4,I'm thinking we've got a bookcase here.,0,0,1,0,0,0,0
4,"No, only because that's the graduation song.",0,0,1,0,0,0,0
6,There it is! So what're you gonna do?,0,0,0,0,0,0,1
4,"No, I can spot you from here.",0,0,1,0,0,0,0
4,Well... I'm helping out down at the N.Y.U. Med School with some... research.,0,0,1,0,0,0,0
4,"Excuse me. Hi, I m a professor here. Do you know the Paleontology section, fifth floor, stack 437?",0,0,1,0,0,0,0
6,What?,0,0,0,0,0,0,1
4,Yeah. I just need you to bring me some photos of Ross.,0,0,1,0,0,0,0
6,"Um, were you planning on kissing me ever?",0,0,0,0,0,0,1
4,Also an island.,0,0,1,0,0,0,0
4,How are ya?,0,0,1,0,0,0,0
4,I highly doubt that.,0,0,1,0,0,0,0
0,"Oh, I can't believe my sperm have low motility because, let me tell you, when I was growing up they sure seem to be in a hurry to get places!",0,0,0,0,1,0,0
3,Can you hold on a moment? I have another call. I love her.,0,1,0,0,0,0,0
3,"No, it's... fancier than a pimple. Look Ross, why don't you just go see a...",0,1,0,0,0,0,0
4,"Yeah I know, guess who beeped him?",0,0,1,0,0,0,0
4,Uh-huh.,0,0,1,0,0,0,0
4,You re welcome.,0,0,1,0,0,0,0
4,"Which would be fine, except you totally are.",0,0,1,0,0,0,0
3,"Oh, ooh.",0,1,0,0,0,0,0
4,"Oh, he brought her back to his apartment.",0,0,1,0,0,0,0
4,"Umm, thank you for meeting with me.",0,0,1,0,0,0,0
4,"Hey-hey, Ross?",0,0,1,0,0,0,0
4,Okay.,0,0,1,0,0,0,0
3,Hey!,0,1,0,0,0,0,0
4,"Yes, thank you. You see, this is how normal people are supposed to react to drums.",0,0,1,0,0,0,0
6,For what?,0,0,0,0,0,0,1
4,"Yeah, I do think it s better this way.  Yeah, we re being smart.   Yes, I m sure.",0,0,1,0,0,0,0
6,You're kidding?! That's great!,0,0,0,0,0,0,1
4,"Come here, check this out!",0,0,1,0,0,0,0
4,"A lot of things happened on that trip that we should never,  ever talk about.",0,0,1,0,0,0,0
4,"I uh, oh! Because, uh, I haven t really paid the bill",0,0,1,0,0,0,0
4,"...if you tell me, I might do it.",0,0,1,0,0,0,0
0,"Look, they must be stopped!",0,0,0,0,1,0,0
4,"Okay, very cute braces. Anyway y know what, the",0,0,1,0,0,0,0
6,"We were playing Gin? Y'know if we were a couple, we could play this game naked.",0,0,0,0,0,0,1
0,"Okayyyyy, open up!",0,0,0,0,1,0,0
4,"Umm, wow. This-this isn't gonna be easy. Umm, I don't think we should see each other anymore.",0,0,1,0,0,0,0
4,Oh there it is.,0,0,1,0,0,0,0
6,What did you just say?,0,0,0,0,0,0,1
4,"Look, we have enough, just walk away.",0,0,1,0,0,0,0
0,No! No!! No! Can I speak to someone in charge please?!,0,0,0,0,1,0,0
4,"Doctor, can I see you for just a minute please? My brother has a slight phobia about needles.",0,0,1,0,0,0,0
4,Because I don't work at the Szechwan Dragon.,0,0,1,0,0,0,0
6,Oh my God!,0,0,0,0,0,0,1
0,Erin! Still here!,0,0,0,0,1,0,0
3,I want you to say that you like her!,0,1,0,0,0,0,0
4,Huh. What if I was sweeping a chimney?,0,0,1,0,0,0,0
4,"OK, that makes no sense. Why would the villagers worship a pharmacist?",0,0,1,0,0,0,0
4,Yeah. But Sergei said it took the Germans six weeks to get all the way across it.,0,0,1,0,0,0,0
4,Jill says vestibule... I'm going with vestibule.,0,0,1,0,0,0,0
4,"No, we can go together! Just don t wait too long though, okay?  Cause I m outta here sometime before Friday.",0,0,1,0,0,0,0
6,What?,0,0,0,0,0,0,1
4,"No, no it's not interesting. OK, it's very, very not interesting. In fact it's actually 100 percent completely opposite of interesting.",0,0,1,0,0,0,0
4,"No, we re not.",0,0,1,0,0,0,0
3,Hi!,0,1,0,0,0,0,0
4,"Oh, please tell me it's not because I'm going with Mark.",0,0,1,0,0,0,0
4,"Jan-ice. 'Cause I, just, I feel bad for Ross, you know, we-we always go together, we're like the three hocke-teers.",0,0,1,0,0,0,0
4,"Oh, hi.",0,0,1,0,0,0,0
3,It s a great class.,0,1,0,0,0,0,0
0,What?! All right Hey! Don t look at me! You re the one who wanted to come up and look for some stupid,0,0,0,0,1,0,0
4,No we,0,0,1,0,0,0,0
6,You do?,0,0,0,0,0,0,1
4,I don t want to say.,0,0,1,0,0,0,0
6,Are you serious?!,0,0,0,0,0,0,1
6,Y know what? Forget it!,0,0,0,0,0,0,1
4,"Ok, ok, here we go. Ok, where am I talking to, here? I mean, uh, well, there is one way that seems to offer a certain acoustical advantage, but...",0,0,1,0,0,0,0
6,"Oh my God, what happened?",0,0,0,0,0,0,1
6,What?,0,0,0,0,0,0,1
4,Let me ask you a question.,0,0,1,0,0,0,0
3,Half a tank? We still got a lot of high-speed chasing to do!,0,1,0,0,0,0,0
4,"Uh, Pheebs, about your mom...",0,0,1,0,0,0,0
4,"So, what are we gonna do today?",0,0,1,0,0,0,0
6,"Y'know, hey! You're the one who ended it, remember?",0,0,0,0,0,0,1
4,"When you say used, do you mean eat as a pre-cooking snack?",0,0,1,0,0,0,0
3,Ah!,0,1,0,0,0,0,0
3,You re my hero!,0,1,0,0,0,0,0
0,"I don't know...right, he's the pig!",0,0,0,0,1,0,0
4,I said no.,0,0,1,0,0,0,0
4,"Oh well, y'know, the gala had to end sometime.",0,0,1,0,0,0,0
0,No-o-o!  No way!,0,0,0,0,1,0,0
3,"Yeah? Wow! Y know, that this thing has speakers in the headrest!",0,1,0,0,0,0,0
4,"Y know what? I don t, I don t think Phoebe really wants to come.",0,0,1,0,0,0,0
6,You still on that?,0,0,0,0,0,0,1
4,"Okay, ah umm, ah, a 8. Ah, a 6?",0,0,1,0,0,0,0
0,God.  I have never been so uncomfortable in my entire life!,0,0,0,0,1,0,0
4,Well maybe there is one thing you can do.,0,0,1,0,0,0,0
4,It s Joshua.,0,0,1,0,0,0,0
4,I d need an expense account.,0,0,1,0,0,0,0
4,"Well, let s just say that Krog will be fully equipped to destroy the universe again in twelve to fourteen hours.",0,0,1,0,0,0,0
4,Wow.,0,0,1,0,0,0,0
0,That's different! I was drunk and stupid!,0,0,0,0,1,0,0
0,No-no-no-no! That was the joke!,0,0,0,0,1,0,0
4,"You uh, you may have been right about Jill.",0,0,1,0,0,0,0
6,What?!,0,0,0,0,0,0,1
4,Does Monica still turn on the lights in her bedroom?,0,0,1,0,0,0,0
3,"Oh, I know. Y'know what, I never would've gotten this if it weren't for you. No really, when I'm with you I'm-I'm like this whole other guy, I love that guy! I mean, I love you too, a lot, but that guy! I-I love that guy!",0,1,0,0,0,0,0
4,It's creamier.,0,0,1,0,0,0,0
4,Right.,0,0,1,0,0,0,0
4,Sorry. How about over here?,0,0,1,0,0,0,0
6,God. Do think it really doesn t hurt?  Cause how can they do that?,0,0,0,0,0,0,1
4,"Hey you guys, guess what?",0,0,1,0,0,0,0
4,"Yeah, it did.",0,0,1,0,0,0,0
6,"Ethan, focus. How could you not tell me?",0,0,0,0,0,0,1
6,"Okay. Oh wait, wait-wait, you re not gonna come with me?",0,0,0,0,0,0,1
4,It looks like a women's purse.,0,0,1,0,0,0,0
4,Oh yeah?  If you re gonna make me choose between you and the hat? I choose the hat.,0,0,1,0,0,0,0
4,"Shh. He did it. He told her off, and not just about the kiss, about everything.",0,0,1,0,0,0,0
4,Oh hello.,0,0,1,0,0,0,0
4,Hmm?,0,0,1,0,0,0,0
6,"You see that guy? He s in classics now, but y'know as soon as we leave he s going straight to the porn.",0,0,0,0,0,0,1
3,Oh hi!,0,1,0,0,0,0,0
4,Okay.,0,0,1,0,0,0,0
4,Well you can let me in later.,0,0,1,0,0,0,0
4,"Yeah, well missy, you better be glad that list is laminated.",0,0,1,0,0,0,0
4,Just waiting for you sweetie.,0,0,1,0,0,0,0
0,You guys would never want to go to a lecture with me.,0,0,0,0,1,0,0
4,So I m gonna go through the hotel and see if there s any other weddings going on.,0,0,1,0,0,0,0
3,Hi Daddy!,0,1,0,0,0,0,0
3,"Hey Ross, wouldn't it be great if we could go two straight hours without dropping it?!",0,1,0,0,0,0,0
4,Sperm.,0,0,1,0,0,0,0
6,You wanna do it right now?,0,0,0,0,0,0,1
4,Because I m dumping him today.,0,0,1,0,0,0,0
5,"Ross I m so sorry. Okay. I-I will promise I will straighten this out with him tomorrow in person, or via e-mail.",1,0,0,0,0,0,0
4,"Hey. Uh, Chan, can I uh, can I talk to you for a second?",0,0,1,0,0,0,0
4,"Hey, Mel Gibson and Clint Eastwood.",0,0,1,0,0,0,0
3,"You wanna see what I got? Okay? I've got a baby Tootsie Roll, a movie stub, keys, a Kleenex, a rock, and an army man. Hey!",0,1,0,0,0,0,0
3,"What are you being such a weenie for? So he has a Barbi, big deal. You used to dress up like a woman.",0,1,0,0,0,0,0
4,Yeah but,0,0,1,0,0,0,0
3,"We were on the platform, ready to dance the world into the new Millennium, and the guy yelled  CUT! ",0,1,0,0,0,0,0
4,It s so secluded up here.,0,0,1,0,0,0,0
4,Kate Miller it is.,0,0,1,0,0,0,0
3,So'd you guys have fun?,0,1,0,0,0,0,0
4,Y know I don t understand why they didn t cry. It was a beautiful speech.,0,0,1,0,0,0,0
0,"Oh-ho! But not in here! Can t eat  em in bed, remember? No crumbies!",0,0,0,0,1,0,0
6,Joseph Francis Tribbiani are you home yet?!!,0,0,0,0,0,0,1
0,Nooo! It's not okay! I can't believe you would want to after what he did to me!,0,0,0,0,1,0,0
4,"Okay, y'know what, I have to go have dinner with my son, can I trust that when you see Phoebe, you will tell her.",0,0,1,0,0,0,0
4,"No, an entertainment unit, with a mail cubby built right in. It s a one day job, max.",0,0,1,0,0,0,0
4,I warned you...,0,0,1,0,0,0,0
4,"-she, of course, she- uh- familiar with our.. special situation?",0,0,1,0,0,0,0
6,Ooohhhh!!,0,0,0,0,0,0,1
5,"I'm sorry, I think that you just misunderstood her.",1,0,0,0,0,0,0
4,Tell her to wear her own earrings.,0,0,1,0,0,0,0
6,When did that happen to you?!,0,0,0,0,0,0,1
4,"Good luck, and uh, take care, huh?",0,0,1,0,0,0,0
3,Nice! Wow Phoebe you are good!,0,1,0,0,0,0,0
4,Shoot! We re out of soda.,0,0,1,0,0,0,0
4,Y'know that is a popular opinion today I must say.,0,0,1,0,0,0,0
0,Let s roll!,0,0,0,0,1,0,0
3,"No, it's good, it is good, it's just that- mm- doesn't she seem a little angry?",0,1,0,0,0,0,0
6,"Rachel, what are you doing? Its freezing out here. Would you come back inside?",0,0,0,0,0,0,1
4,What are you doing?,0,0,1,0,0,0,0
4,Does it?,0,0,1,0,0,0,0
6,What?,0,0,0,0,0,0,1
3,Me too!,0,1,0,0,0,0,0
4,"Ross, that girl just spent the entire evening talking to your friends, asking to hear stories about you, looking through Monica's photo albums, I mean you don't do that if you're just in it for two weeks.",0,0,1,0,0,0,0
4,"But if you re thinking you can put a fish in there and it wouldn t get sucked up into the mechanism, well you d be wrong.",0,0,1,0,0,0,0
0,"You had to do it, didn t you? You couldn t just leave it alone.",0,0,0,0,1,0,0
4,"Thanks. Yeah, Carol borrowed it for a class, and I have to get it back to the museum.",0,0,1,0,0,0,0
4,"Okay, tell me your happy place.",0,0,1,0,0,0,0
4,Easy.,0,0,1,0,0,0,0
3,Here it is! Here it is!,0,1,0,0,0,0,0
4,Yeah. I really do.,0,0,1,0,0,0,0
4,"Oh yeah, I should probably call them.",0,0,1,0,0,0,0
6,Who wants it? Anybody?,0,0,0,0,0,0,1
4,"Yeah, so, uh, so, uh, what's the deal with this father guy, I mean, if someone was havin' my baby somewhere, I'd wanna know about it, you know?",0,0,1,0,0,0,0
6,What?!,0,0,0,0,0,0,1
3,I said I ll do it!,0,1,0,0,0,0,0
4,"Oh, me too.",0,0,1,0,0,0,0
3,"Hey, I was doin' great before I found out about you. You think it's easy for me to see you with Julie?",0,1,0,0,0,0,0
4,"Chip, is Chip Matthews.",0,0,1,0,0,0,0
6,"Oh, that's why you got these tickets to that play, to get rid    of us??",0,0,0,0,0,0,1
5,"Oh, gosh, I'm sorry.",1,0,0,0,0,0,0
5,I'm sorry.,1,0,0,0,0,0,0
4,"Yeah, it s hard okay, I only have two spots left.",0,0,1,0,0,0,0
0,"Y know you, you just stop being such a wuss and get those off and you come with us and watch naked girls dance around!!",0,0,0,0,1,0,0
4,"Y'know what, 100 million people went to see a movie about what I do, I wonder how many people would go see a movie called, Jurassic Parka.",0,0,1,0,0,0,0
4,What are you doing with the lamp?,0,0,1,0,0,0,0
3,"They were huge. When she sneezed, bats flew out of them.",0,1,0,0,0,0,0
6,"Oh God, you saw me?! Oh!",0,0,0,0,0,0,1
4,Okay.,0,0,1,0,0,0,0
6,"I knew it! I knew it, ahh .",0,0,0,0,0,0,1
4,"Hey, I've come to terms with it, you have to too.",0,0,1,0,0,0,0
4,"Well, she is going to know that you stole the joke.",0,0,1,0,0,0,0
4,"Honey, we have to go. Our reservations are at 8:00.",0,0,1,0,0,0,0
6,Really? Are you sure?,0,0,0,0,0,0,1
4,"So, Scott asked me to come over for lunch today and I did.",0,0,1,0,0,0,0
4,You okay?,0,0,1,0,0,0,0
4,Ok. Ok. Having a phone has finally paid off.,0,0,1,0,0,0,0
6,What?,0,0,0,0,0,0,1
4,"Ross, I didn't think it would that big of a deal.",0,0,1,0,0,0,0
4,I can't,0,0,1,0,0,0,0
4,"Monica, let it go.",0,0,1,0,0,0,0
3,Pa-haa!! I would love to go with you.,0,1,0,0,0,0,0
4,"Nooo, I had to return it to the costume place.",0,0,1,0,0,0,0
6,Really?,0,0,0,0,0,0,1
0,You can t wear that! I m wearing the famous tux! James Bond s tux!,0,0,0,0,1,0,0
4,You didn t just break up.,0,0,1,0,0,0,0
4,"Joey, get out of the fridge.",0,0,1,0,0,0,0
4,Uh-huh.,0,0,1,0,0,0,0
6,What?,0,0,0,0,0,0,1
4,Where s Ben?,0,0,1,0,0,0,0
4,Hey what are you guys looking at?,0,0,1,0,0,0,0
5,"Oh, that is so unfortunate.",1,0,0,0,0,0,0
3,It's great. Maybe tomorrow we can rent a car and run over some puppies.,0,1,0,0,0,0,0
4,"Oh, yes, umm, I'm here to pick up a dress that you have on hold.",0,0,1,0,0,0,0
4,"Alright, alright. Woah, someone's flossing.",0,0,1,0,0,0,0
3,"I have to; he's my best friend, and you're seeing him.",0,1,0,0,0,0,0
4,Used to work with her. Used to! I m a relative and I didn t get invited! A,0,0,1,0,0,0,0
4,"Okay I ve got one for you, if you had too which one would you rather eat, a seeing eye dog or a talking gorilla?",0,0,1,0,0,0,0
4,I mean if you hadn t initiated it I-I-I know I would ve.,0,0,1,0,0,0,0
3,"I think it s great. It s great. Y know, they re thinking of changing the name of this place.",0,1,0,0,0,0,0
4,..Dr. Oberman. Okay. And is he-,0,0,1,0,0,0,0
6,Monica. Whaddya think?,0,0,0,0,0,0,1
4,Morning.,0,0,1,0,0,0,0
5,"I, I'm sorry, I uh I already have a roommate.",1,0,0,0,0,0,0
6,When did I say you were boring?!,0,0,0,0,0,0,1
6,What?,0,0,0,0,0,0,1
4,Uh-huh! Uh-huh! And-and-and I ll always remember that summer because that s when I realized that we are related.,0,0,1,0,0,0,0
4,I just saw Danny getting on the subway with a girl and he had his arm around her.,0,0,1,0,0,0,0
4,I don t know.,0,0,1,0,0,0,0
4,So what did you do today Pete?,0,0,1,0,0,0,0
4,"Aww, me too. Now let's finish this and go to bed.",0,0,1,0,0,0,0
6,How can you let him talk to your crotch like that?,0,0,0,0,0,0,1
4,You re right. Maybe I shouldn t even go on the call back.,0,0,1,0,0,0,0
4,"Yeah, I can say that I have a conference and you can say you have a chef thing.",0,0,1,0,0,0,0
4,"All right, Jester man, look we wanna see the king.",0,0,1,0,0,0,0
3,Yeah!,0,1,0,0,0,0,0
4,"Joey, we",0,0,1,0,0,0,0
4,Hey.,0,0,1,0,0,0,0
4,Are you okay?,0,0,1,0,0,0,0
6,"I've not seen her since high school graduation. Oh my God, that night she got so dru. . . motional.",0,0,0,0,0,0,1
4,"Check it out. Okay, I can play this when the guests are coming in. Okay.",0,0,1,0,0,0,0
4,But I was Dr. Drake Remoray. How can I go from bein' a neurosurgeon to drivin' a cab?,0,0,1,0,0,0,0
4,What d you rent?,0,0,1,0,0,0,0
4,"Wow, I m never gonna have that feeling again, am I?",0,0,1,0,0,0,0
4,"Oh, okay, y know what this is?",0,0,1,0,0,0,0
6,"You remember not having sex in high school, right?",0,0,0,0,0,0,1
4,It's not a purse! It's a shoulder bag.,0,0,1,0,0,0,0
3,That s really beautiful. What does it mean?,0,1,0,0,0,0,0
3,Thanks!,0,1,0,0,0,0,0
0,"Yes, yes I am. Err, listen, the reason that I called you in here today was, err... please dont hate me.",0,0,0,0,1,0,0
4,"Joey, promise me something.",0,0,1,0,0,0,0
4,I can't find the remote. Thank you.,0,0,1,0,0,0,0
4,"I don't know, birds just don't say, ""Hello, sit here, eat something.""",0,0,1,0,0,0,0
4,But you should eat them now because they re hot from the oven.,0,0,1,0,0,0,0
4,"Yeah, well don't get me wrong, you're a better agent than she is, but at least with her I don't want to blow my pretty dumb brains out.",0,0,1,0,0,0,0
3,"Oh hey, hey, huh, how about this weekend we have a laser disc marathon okay, and maybe a tournament on my new dart board? Huh, huh, what do you think? Two days of darts, it'll be great!",0,1,0,0,0,0,0
4,And I-I am just trying to figure out why.,0,0,1,0,0,0,0
3,"Look everybody, look at my new dollhouse!!",0,1,0,0,0,0,0
3,Hey!,0,1,0,0,0,0,0
4,"Yeah, at the lecture, I told you that last week, you said you didn't mind.",0,0,1,0,0,0,0
4,"All right, that s it, we re going to the emergency room.",0,0,1,0,0,0,0
4,Grasp one of the linen strips by its  easy grab tab  and pull it off in one quick pain free motion.,0,0,1,0,0,0,0
3,"Oh, it's just... Oh, Barry, this was not good.",0,1,0,0,0,0,0
3,Chandler!! You have the best taste in men!,0,1,0,0,0,0,0
3,Sweet mother of all that is good and pure.,0,1,0,0,0,0,0
4,Ta-da.,0,0,1,0,0,0,0
6,"Shhh...I don't know what to do, this is totally unprecedented.",0,0,0,0,0,0,1
4,"Okay, it s not a check. They re saying your health insurance expired because, you didn t work enough last year.",0,0,1,0,0,0,0
4,Electrical plans for the building.,0,0,1,0,0,0,0
3,Thank you!,0,1,0,0,0,0,0
3,Saucy!,0,1,0,0,0,0,0
6,"Ow, I'm just going over the script now! You wanna read lines with    me?",0,0,0,0,0,0,1
4,Hi.,0,0,1,0,0,0,0
4,Barry?,0,0,1,0,0,0,0
4,Where's Joey? His mom's on the phone.,0,0,1,0,0,0,0
5,You're bleeding.,1,0,0,0,0,0,0
4,"Okay so, by melting, you meant melting.",0,0,1,0,0,0,0
3,"Ross, uh and uh, I'd just like to say that it did take a lot of courage for Rachel to come here tonight. And, uh, for the record she did not run out on Barry because she had syphilis. What are you doing I'm serious. Uh, the reason she walked out on, on Barry is simply that she didn't love him, which incidentally worked out pretty well for me Cheers.",0,1,0,0,0,0,0
4,I'm checking out the restaurant with Pete.,0,0,1,0,0,0,0
4,I'm not seeing Monica.,0,0,1,0,0,0,0
0,Oh no!,0,0,0,0,1,0,0
4,I was just leaving.,0,0,1,0,0,0,0
6,What? What secrets? You know secrets? What are they?,0,0,0,0,0,0,1
4,"Obviously! So, how do we decide?",0,0,1,0,0,0,0
3,"Kathy! Kathy! Hi!! Kathy! Kathy! (She doesn't hear him and keeps running, Chandler starts chasing her as the theme to",0,1,0,0,0,0,0
4,All right.,0,0,1,0,0,0,0
4,"OK, I have a question. Well, actually, it's not so much a question as.. more of a general wondering... ment.",0,0,1,0,0,0,0
6,The guy who took Rachel to the prom? Why is he calling you?,0,0,0,0,0,0,1
0,You re right! You re right. Don t say it.,0,0,0,0,1,0,0
0,Cause I don't need your stupid ship.,0,0,0,0,1,0,0
4,I didn't know then. And how come you never said anything to me.,0,0,1,0,0,0,0
3,Monica!,0,1,0,0,0,0,0
4,"I just knocked off all of your top scores, how sad.",0,0,1,0,0,0,0
3,"Yes, but I wanted you to want to live with me, but okay, if you're having so much fun over here",0,1,0,0,0,0,0
4,"Oh yeah! I got in there myself once. My roommate bet me five bucks that I couldn't, and then he stuck a board through the handles that locked me in. Yeah. It was funny 'til I started feeling like I was in a coffin.",0,0,1,0,0,0,0
6,Oh my good God.,0,0,0,0,0,0,1
4,Pastrami.,0,0,1,0,0,0,0
3,Why not? I don t want to do this alone! And he s such a sweet  guy and he loves me so much.,0,1,0,0,0,0,0
4,Pheebs?,0,0,1,0,0,0,0
6,What?,0,0,0,0,0,0,1
4,"Well, I don t have to buy that, ""I m with stupid"" T-shirt anymore.",0,0,1,0,0,0,0
4,You ve got it.,0,0,1,0,0,0,0
3,Look at Emma!,0,1,0,0,0,0,0
3,"Hey Ross, listen, you know that right now, your baby's only this big? This is your baby. Hi Daddy!",0,1,0,0,0,0,0
4,OK.,0,0,1,0,0,0,0
3,Yeah!,0,1,0,0,0,0,0
6,That guy Lipson?,0,0,0,0,0,0,1
4,Give her some money.,0,0,1,0,0,0,0
4,"Maybe they can take the needle and thquirt it into my mouth, you know, like a thquirt gun.",0,0,1,0,0,0,0
4,"Well, you-you coulda just turned the cushion over.",0,0,1,0,0,0,0
3,And that s I m so glad  there s no problem.,0,1,0,0,0,0,0
0,Hi! Is my misery amusing to you?,0,0,0,0,1,0,0
4,"No, I will. I m just not up for it tonight.",0,0,1,0,0,0,0
6,Are we really in Montreal?!,0,0,0,0,0,0,1
4,"I just want to watch a little television. What is the big deal? Geez, relax mom.",0,0,1,0,0,0,0
4,She was kidding.,0,0,1,0,0,0,0
6,To kill Bob??,0,0,0,0,0,0,1
4,"Yeah, I mean, come on Ross, no one will even notice. I mean they re probably not even listening!",0,0,1,0,0,0,0
0,Well then let me do it!,0,0,0,0,1,0,0
4,"Umm, but I think if you give me umm, one chance I can, I can change your mind.",0,0,1,0,0,0,0
3,"Do I? Thank you, so do you.",0,1,0,0,0,0,0
3,"Oh, I just wanted to say, ""Hey!""",0,1,0,0,0,0,0
4,See there it is right there.,0,0,1,0,0,0,0
4,"You should ah, you should just leave it.",0,0,1,0,0,0,0
3,Oh! Ooh! Oh Monica! It s so beautiful.,0,1,0,0,0,0,0
4,"Not a basset, a bassinet.",0,0,1,0,0,0,0
3,Oh he's like a...,0,1,0,0,0,0,0
4,"Yeah, I've been around.",0,0,1,0,0,0,0
3,"Ohh, I've always wanted to go to this culinary fair that they have in Jersey!",0,1,0,0,0,0,0
4,"Do you uh, do you talk about me?",0,0,1,0,0,0,0
4,Uh-huh.,0,0,1,0,0,0,0
3,"Hi! Hi, I m Ross, you don t know me, but I m a big, big fan of yours. I mean,",0,1,0,0,0,0,0
3,"Thank you, very much! Oh! Thank you!",0,1,0,0,0,0,0
4,"I know I have this weird thing where I want everything to be in the perfect place, but I'd never expect you to worry about that.",0,0,1,0,0,0,0
4,Yeah. We-we had sex and then we fell asleep.,0,0,1,0,0,0,0
4,This was just a drunken mistake and I need to get it annulled.,0,0,1,0,0,0,0
3,"That sounds good. I'll call you- or you call me, whatever...",0,1,0,0,0,0,0
4,"Some things about us, and before we can even think about the two of us getting back together, I just need to know how you feel about this stuff.",0,0,1,0,0,0,0
6,What?!,0,0,0,0,0,0,1
6,"Just a touch. Mon, I don't understand. I mean, you've been dating this guy since like, what... his midterms? I mean, why all the sudden are you so... Oh.",0,0,0,0,0,0,1
3,"Well, you were pretty damn good.",0,1,0,0,0,0,0
4,"Oh, yeah.",0,0,1,0,0,0,0
4,I just don't know if the world is ready for you and your bag.,0,0,1,0,0,0,0
4,"J-j-just relax, nobody yelled. Jack just was calling to make sure that",0,0,1,0,0,0,0
4,So are you gonna tell him?,0,0,1,0,0,0,0
4,"Me neither, y'know what-",0,0,1,0,0,0,0
3,"Because! Because, it-it-it s  It d be like you having this guitar  and-and never playing it. Okay, this guitar",0,1,0,0,0,0,0
6,"So, you still don t think I m boyfriend material?",0,0,0,0,0,0,1
4,"Aww, thank you.  Uh Rach?",0,0,1,0,0,0,0
6,Oh my God.,0,0,0,0,0,0,1
6,A freakish thin date with a hanger for her head?,0,0,0,0,0,0,1
4,What do you say?,0,0,1,0,0,0,0
3,Hi!,0,1,0,0,0,0,0
3,Your favorite!,0,1,0,0,0,0,0
4,"You just go to the house and you ask for Mary-Angela, okay, when which ever one she is comes to the door, you take her for a walk, you let her down easy.",0,0,1,0,0,0,0
4,No.,0,0,1,0,0,0,0
6,This was your idea?,0,0,0,0,0,0,1
4,"So just bring it back downstairs, what s the problem?",0,0,1,0,0,0,0
4,And I gotta go sell some Christmas trees.,0,0,1,0,0,0,0
6,"Man, hell of a two weeks, huh? Y'know what, though? I really feel like I learned something.",0,0,0,0,0,0,1
4,"Oh sure, go with the sissy.",0,0,1,0,0,0,0
0,"Technically we could have sex again. What do you think, bossy and domineering?!",0,0,0,0,1,0,0
0,Sit!,0,0,0,0,1,0,0
4,"Alright boys, let's eat.",0,0,1,0,0,0,0
3,That was Joey!,0,1,0,0,0,0,0
6,Oh my God! Monica!,0,0,0,0,0,0,1
4,"Oh, I don't make them a lot because I don't think it's fair to the other cookies",0,0,1,0,0,0,0
0,I know! I know! And he totally freaked out and I can t find him anywhere!,0,0,0,0,1,0,0
6,Are you serious?,0,0,0,0,0,0,1
4,Here we go.,0,0,1,0,0,0,0
4,Um. yeah.,0,0,1,0,0,0,0
4,Clear the tracks for the boobie payback express. Next stop: Rachel Green.,0,0,1,0,0,0,0
3,Ol !,0,1,0,0,0,0,0
3,"Ok. Wow, you guys sure have a lot of books about bein' a lesbian.",0,1,0,0,0,0,0
4,Keep talking.,0,0,1,0,0,0,0
4,"Yeah, I'm fine.",0,0,1,0,0,0,0
4,"Peach pit. That night we, uh- we had-",0,0,1,0,0,0,0
4,"It s a nickname, I ll explain later.",0,0,1,0,0,0,0
4,"Oh. Y know, he hums while he does other stuff to.",0,0,1,0,0,0,0
3,"That s right, you just enjoy.",0,1,0,0,0,0,0
3,"Chandler, listen to me sweetie, I know you can do this. Okay? You have a beautiful smile.",0,1,0,0,0,0,0
6,"Oh, I'm threatened by you?",0,0,0,0,0,0,1
6,Oh!,0,0,0,0,0,0,1
6,Are you serious?!,0,0,0,0,0,0,1
4,"Marenge,",0,0,1,0,0,0,0
4,"That's okay, Joe.",0,0,1,0,0,0,0
4,"All right, there s a nuclear holocaust, I m the last man on Earth. Would you go out with me?",0,0,1,0,0,0,0
3,Hey!,0,1,0,0,0,0,0
3,Thank you!,0,1,0,0,0,0,0
4,"Okay, on three. One....Two....",0,0,1,0,0,0,0
4,"Yeah, we'll just use our special cake tools.",0,0,1,0,0,0,0
4,Die Hard,0,0,1,0,0,0,0
